1.0,2.0,4.0,0.0,0.0,0.0,18.108217475989417,1.4991091122295597,87.65911085795508,1.0544639408944771,9.728222308639632,1.495525095527646,26.621447913886623,-0.08801518790181226,84.4715450926957,1.2300811370743387,84.56275344298685,0.443243852060653,95.10211996148138,1.5668789012379,113.00654891500275,0.53219923636987,116.93234988204043,0.8998313195708655,54.52187412066962,0.006138918301553449
2.0,2.098628560153723,4.016504760586068,0.1658062789394618,0.2,0.3316125578789236,18.084951926129364,1.3386771102515715,87.59609979508976,0.8895438044515235,9.70483324912529,1.339725145027431,26.52466380941907,-0.25476815121681373,84.42307653590858,1.0653106383458475,84.4665818412603,0.27776183404015076,95.08528004260884,1.40210919877976,112.91319203427999,0.3667102366977345,116.8581206616777,0.7345982687606,54.42314842057854,-0.15995949700639833
3.0,2.274391982686116,4.11193651263799,0.49741883681838484,0.4,0.6632251157578462,17.97887788744168,1.0164675797524647,87.42649347912678,0.5591423952964122,9.599632266535188,1.0257355596849385,26.358306371229716,-0.5905793976421334,84.27464231305999,0.7352872205619824,84.26687244883516,-0.05397847202554623,94.98950444140365,1.072344085731078,112.7133154248318,0.03515994381975518,116.6741681848314,0.4036579533496818,54.24691217819367,-0.4933122926279997
4.0,2.4835036232261243,4.290534725928791,0.7068583470577049,0.5499999999999999,0.4188790204786402,17.789783464373222,0.8181928319747692,87.16818889879278,0.3507837857786428,9.413410701368239,0.8375831221071216,26.167459400987795,-0.807557982018665,84.03690852287554,0.5274902661453708,84.0013889174335,-0.2642704098280293,94.81092042445361,0.8651081943672779,112.44249131379503,-0.1747036466141042,116.40435061206466,0.19467439623983074,54.03736118733057,-0.7060409772492011
5.0,2.722203049247998,4.546508521495501,0.8203047484373368,0.6999999999999998,0.2268928027592639,17.52462885569792,0.7176853960563533,86.82803928918663,0.23828512470878105,9.154172704786903,0.7494689894031138,25.95719807955336,-0.9317404707726257,83.71660145115891,0.4157258517778205,83.67616029383362,-0.37925942222687203,94.5555281811444,0.7541893983628077,112.10696550435607,-0.28903726025276155,116.05550809962578,0.08147269281569502,53.79906064747514,-0.8242417287029413
6.0,2.989664215444178,4.876795555114715,0.8901179185171105,0.8499999999999998,0.13962634015954736,17.187660537530302,0.6627953307517803,86.4090857673927,0.16929666379416142,8.82765481832044,0.7099202628696658,25.73061585678926,-1.015466756985686,83.31690034441597,0.34764220635216214,83.29350335031448,-0.45128771721254535,94.22661548963288,0.6872276629811521,111.70913722328994,-0.36018657212033367,115.63053709367223,0.011702376336841791,53.533927267308265,-0.9002442368891981
7.0,3.290571727020201,5.276113310138362,0.9250245035569976,0.9999999999999997,0.06981317007977414,16.785595747556776,0.6453879005063287,85.91362026879219,0.13516984992091496,8.443089100872784,0.7120292010128407,25.48568454078183,-1.067395659573554,82.84129543109546,0.31459256289525783,82.85177399651866,-0.48901418885663994,93.82976790595603,0.6555558381810637,111.24782332370764,-0.39682305331165335,115.13067228094447,-0.023304973017242214,53.23859908920414,-0.942708273698987
8.0,3.6244759265539894,5.744229733193246,0.9512044423369133,1.1499999999999995,0.05235987755983129,16.32076349539781,0.6396572326626715,85.34205496363988,0.10972278786531553,8.00639343910883,0.7313492372550965,25.226751137125593,-1.1138236663588628,82.2902074182231,0.29040007568276005,82.35189797886123,-0.5186343062316799,93.36555426834123,0.6330011008672451,110.72375522739326,-0.4251347661503124,114.55637968562034,-0.04973319315283231,52.91514728572171,-0.9778450796545938
9.0,3.9973006101821666,6.276678561981092,0.9599310885968858,1.2999999999999994,0.01745329251994515,15.800555278006934,0.6552000075624148,84.69539257376647,0.1017699257551824,7.531124328508327,0.7797341077750609,24.95192763128779,-1.146029037284162,81.66602272050373,0.28388581137705826,81.79086229243318,-0.5313603767472731,92.8389298554385,0.6283668298054782,110.13431716800922,-0.43634243479005763,113.90749640489128,-0.058793243774646786,52.55943462691445,-0.996887678266603
10.0,4.407945131952667,6.874170048732056,0.9686577348568586,1.4499999999999997,0.01745329251994565,15.22811435765247,0.6751559584504567,83.97355550770149,0.09384542604810364,7.029327364611593,0.8429429580106469,24.667840195891976,-1.1816422970212896,80.96853540895057,0.2775919963260618,81.16991205986345,-0.5446799073414517,92.24967727800511,0.6242043145470741,109.48039093225849,-0.4479200718876507,113.18415896100383,-0.06795205948261762,52.174739173079466,-1.0173493161795921
11.0,4.85529945472926,7.537400106776093,0.9773843811168317,1.6,0.01745329251994615,14.607661057967228,0.7002910729148573,83.17647964783703,0.08593647289552409,6.518913055670816,0.9252492062861766,24.382103793114133,-1.2208388230537535,80.19755862956899,0.27151518667506847,80.49041909391157,-0.558630437461312,91.5976435847513,0.6205201652537928,108.76293406625386,-0.4598900412659135,112.38652636682883,-0.0772239923976844,51.764718154365134,-1.0392941877059252
12.0,5.344593245266157,8.262807982761759,0.9773843811168333,1.7500000000000004,3.3306690738754696e-15,13.949989566547796,0.7407240006799708,82.30474289597021,0.08684895865238007,6.0331032791870065,1.0413581506409493,24.09612658368724,-1.2549573093974817,79.3549606712075,0.2744723784494275,79.74978351910222,-0.5644458109759152,90.88718853308247,0.6261180805870815,107.97954384325448,-0.463486733769526,111.51415455278055,-0.07782933131022973,51.32678570413948,-1.053990569317047
13.0,5.875826503563359,9.050393676689055,0.9773843811168352,1.9000000000000008,3.83026943495679e-15,13.264409480137498,0.7890737679509505,81.3583651771541,0.08786179664214067,5.613511953198475,1.1879473647679224,23.818167074876467,-1.2928790252435616,78.44094336013357,0.2777549449146812,78.94877826854822,-0.5708829441314957,90.11911503894684,0.6322955379244957,107.13061156537485,-0.4674512152557615,110.5670550397736,-0.07849737160083792,50.86409158858798,-1.0702292965728901
14.0,6.448999229620864,9.90015718855798,0.9773843811168375,2.050000000000001,4.3298697960381105e-15,12.563371817882327,0.8470081083663181,80.33736932455065,0.08898135700771714,5.3163212131596085,1.3677591452194284,23.557584442958955,-1.3347321051389214,77.45573798266688,0.28138350606297835,78.08828287375579,-0.5779760596891579,89.29433004476655,0.6390795930794644,106.21657810352409,-0.47179968114539816,109.54524084798305,-0.07923110688587087,50.38019643512406,-1.08807938758968
15.0,7.064111423438672,10.812098518368536,0.9773843811168399,2.2000000000000015,4.829470157119431e-15,11.863587848521513,0.9165399588982546,79.24178146812473,0.0902149285364966,5.207192098982241,1.576171637919048,23.324850959401996,-1.380600252494104,76.39960920557427,0.2853816197654091,77.16929582139255,-0.5857637286018795,88.4138548965623,0.6465004735523514,105.23793863217641,-0.47655025860490074,108.44872665201878,-0.08003391086651035,49.879107047409335,-1.1076140736393767
16.0,7.721163085016783,11.786217666120724,0.9773843811168426,2.350000000000002,5.329070518200751e-15,11.187438244408046,0.9999769344166898,78.0716314999085,0.09157084799404047,5.34427276543206,1.797840909455491,23.13150979249415,-1.4305014673255259,75.27285975836479,0.2897761832556667,76.19294899326363,-0.5942893221153435,87.47883729213004,0.6545918471114238,104.19524809200422,-0.4817231847925084,107.2775289619096,-0.08090957882890415,49.36531367415753,-1.1289099137762428
17.0,8.420154214355195,12.822514631814542,0.9773843811168454,2.500000000000002,5.828670879282072e-15,10.564527198740574,1.099703939540563,76.82695363240474,0.09305865529065294,5.755973136525059,2.011044822925651,22.990057716172686,-1.484364629124507,74.07583603816767,0.29459791172668837,75.1605245347126,-0.6036015269291959,86.49056501770268,0.6633911214091948,103.08912748799351,-0.4873410102805359,106.03166633430695,-0.0818623760631848,48.843828328099136,-1.152045569625168
18.0,9.16108481145391,13.920989415449991,0.9773843811168486,2.6500000000000026,6.328271240363392e-15,10.032875859943847,1.2176575574921693,75.50778707111284,0.09468928028311363,6.433294305943179,-4.0847245894705875,22.913733825293768,-1.5420062688998397,72.80893483919134,0.29988191030248146,74.07347456207775,-0.6137549302111028,85.450481724598,0.6729397764313645,101.92027115051323,-0.49342883094289053,104.71115961927667,-0.08289709442752324,48.32022283306945,-1.1771001623188697
19.0,9.943954876312924,15.081642017027072,0.977384381116852,2.800000000000003,6.827871601444713e-15,9.638626133261301,1.3543688837470156,74.11417682791907,0.09647526860021693,7.343408474733464,-3.929795472895415,22.916202289005803,-1.6031111175247497,71.4726114619774,0.30566835974603557,72.93344419665786,-0.6248106814465895,84.3602050355271,0.6832837312142551,100.68945511040063,-0.5000145520883899,103.3160322492345,-0.08401911855410082,47.800664752971436,-1.2041511292763079
20.0,10.768764408932238,16.304472436545787,0.9773843811168557,2.9500000000000033,7.327471962526033e-15,9.432538474883652,1.5076944645643926,72.64617470965891,0.0984310559642867,8.448452162859011,-3.8056787985263494,23.011130836958444,-1.6672209735902297,70.06738952669079,0.31200334151001075,71.74229850233279,-0.6368372379126925,83.22154731253436,0.6944737456283989,99.39754676721917,-0.5071291891701463,101.846310578064,-0.08523450353155215,47.29194872608082,-1.2332715007776334
21.0,11.635513409311852,17.589480674006133,0.9773843811168595,3.1000000000000036,7.827072323607354e-15,9.462100879358777,1.6719169970971075,71.10384052619946,0.10057330324166125,9.716126460213989,-3.7071958661554465,23.21168655982083,-1.7337365228698882,68.59387290486168,0.3189398344875082,70.50215400774091,-0.6499111997430369,82.03653946464662,0.7065658569963557,98.04551606335981,-0.5148072100097811,100.30202428031784,-0.08655006632225948,46.80152000833264,-1.2645265290695478
22.0,12.544201877451764,18.936666729408113,0.9773843811168637,3.250000000000004,8.326672684688674e-15,9.760959309913801,1.8383128894036083,69.4872435758306,0.1029213081475937,11.122205552634211,-3.628814758895982,23.529993179299403,-1.801935432117868,67.05276030265031,0.32653892455349287,69.21541561232728,-0.6641182387522302,80.80745822238539,0.7196218497369988,96.63444841668243,-0.5230869241389704,98.68320682275608,-0.08797349370820418,46.33748626291973,-1.2979696308632789
23.0,13.494829813351974,20.34603060275173,0.9773843811168681,3.4000000000000044,8.826273045769994e-15,10.341129187668658,1.9975294583173282,67.79646448393243,0.10549751451807254,12.649451483785674,-3.565853905981775,23.976612575490066,-1.871007193625613,65.44486318599881,0.33487127934271665,67.88481980800837,-0.6795541218931512,79.53685735667779,0.7337097538989785,95.16555971221554,-0.5320109255692623,96.98989602347054,-0.08951347023966871,45.90861290148071,-1.3336376527839091
24.0,14.487397217012479,21.817572294036978,0.9773843811168728,3.5500000000000047,9.325873406851315e-15,11.193043899223362,2.1423951812125255,66.03159749573001,0.1083281468671271,14.285783592357522,-3.5146846081692775,24.560120270128618,-1.9401013795367954,63.771127948128594,0.34401895554415196,66.51348529183325,-0.6963258246907891,78.22760336848091,0.7489043650883291,93.6402137105579,-0.5416265960325589,95.22213471767887,-0.09117983053225076,45.524296712915195,-1.3715455431241053
25.0,15.521904088433281,23.351291803263862,0.9773843811168776,3.700000000000005,9.825473767932635e-15,12.292717893592897,-4.013877318734533,64.19275335828628,0.11144400734036974,16.02270814738004,-3.4725870070392526,25.286834524747842,-2.008382422536922,62.032663502643,0.35407762545206145,65.1049721933022,-0.7145527211797169,76.88291621785773,0.7652877735511987,92.05994229878452,-0.5519866764502155,93.37997155422211,-0.092983741380681,45.19451229041965,-1.4116806141650173
26.0,16.598350427614378,24.94718913043238,0.9773843811168828,3.8500000000000054,1.0325074129013956e-14,13.610712594151915,-3.9053552397241384,62.28006297492112,0.11488148529126296,17.854181959025436,-3.4375407947853622,26.160732566033747,-2.075082184757332,60.23077586915802,0.36515933512966536,63.663351280285056,-0.7343678233023094,75.50641568988561,0.7829498835842592,90.42646909079778,-0.5631499150231197,91.4634619532317,-0.09493792061648942,44.92972611120678,-1.4539967042886313
27.0,17.716736234555768,26.605264275542538,0.9773843811168882,4.000000000000005,1.0824674490095276e-14,15.118605559289556,-3.8137313815530107,60.29368208332608,0.11868384825703193,19.775838136404825,-3.4080412403503586,27.183552784944435,-2.1395422184304826,58.367011843013,0.3773959403354922,62.19328461743983,-0.7559190223964315,74.1021739984151,0.8019888954405195,88.74173698029225,-0.5751818007834624,89.47266926386283,-0.09705690154577029,44.74077427786687,-1.4984086870420152
28.0,18.87706150925745,28.325517238594333,0.9773843811168939,4.150000000000006,1.1324274851176597e-14,16.79205536620772,-3.7367128350639605,58.23379730648639,0.12290290971074835,21.784468276503816,-3.3829582619382617,28.35504965862244,-2.2012404755599615,56.443214563640474,0.3909434109657135,60.70011919343625,-0.7793702556488494,72.6747751908107,0.8225117097877856,87.00794036297272,-0.5881553915471567,87.40766617212869,-0.09935735432323622,44.63870209620596,-1.5447879038104932
29.0,20.079326251719426,30.107948019587766,0.9773843811168997,4.300000000000004,1.1823875212257917e-14,18.611499547694127,-3.6719060252038034,56.10063406828283,0.12760120767690164,23.87767609513418,-3.361433899328661,29.67334790320755,-2.259801087270552,54.461594800234714,0.40598725349898424,59.189994948567474,-0.8049024778084957,71.22938181371697,0.8446341987729818,85.22756287733891,-0.6021522447027706,85.2685364237207,-0.10185847897415445,44.6345669182577,-1.5929591859581516
30.0,21.323530461941687,31.952556618522838,0.9773843811169058,4.450000000000003,1.2323475573339238e-14,20.561714666668266,-3.617145227816144,53.8944670773958,0.13285488554605096,26.05364363845692,-3.3428090861993174,31.135337575452777,-2.3149892861878065,52.4248231776304,0.4227493777543385,57.66996833056268,-0.8327142589516836,69.7718090985147,0.8684812670227815,83.40342166657065,-0.6172634577897343,83.05537694668459,-0.10458248928555025,44.73920987705125,-1.64270014290789
31.0,22.609674139924238,33.85934303539955,0.9773843811169123,4.600000000000001,1.2823075934420558e-14,22.631017592692814,-3.570598985992093,51.61563440288527,0.1387575525769904,28.310971397970334,-3.326571517327732,32.737060063493395,-2.366695646690406,50.33615054153163,0.44149683337434387,56.148151846764726,-0.8630217482584843,68.30860658058245,0.8941865997438307,81.53871933780728,-0.6335908227927662,80.76830048599349,-0.10755521291007186,44.96300684074708,-1.6937432892590163
32.0,23.937757285667075,35.8283072702179,0.9773843811169189,4.75,1.3322676295501878e-14,24.810470716124897,-3.5307696814195504,49.26455665720353,0.145425533716099,30.648567334789163,-3.312318372610024,34.4740502809709,-2.414914378758613,48.199566456418665,0.4625529659421481,54.633868869861125,-0.8960576378445646,66.8471465200117,0.9218919631090292,79.63710498683712,-0.6512480926855218,78.40743889939904,-0.1108068414252642,45.31561337105689,-1.7457813479494777
33.0,25.3077798991702,37.85944932297789,0.9773843811169258,4.899999999999999,1.3822276656583199e-14,27.09321611876743,-3.496451905659692,46.84176357709015,0.15300512530330734,33.0655686685552,-3.2997294458617272,36.341616907614444,-2.4597198139292233,46.020009788642646,0.4863116912686156,53.1378209272228,-0.9320686286949393,65.39571766974456,0.9517458847759712,77.70274585879328,-0.6703623498003719,75.97294731585473,-0.11437287574676713,45.805721733479594,-1.7984757097677335
34.0,26.691782335260076,39.91131731505176,0.9773843811169329,4.9499999999999975,1.432187701766452e-14,29.4265806095441,-3.4672238420991826,44.397280159721106,0.1615015107071558,35.51182560193033,-3.288753745232211,38.29497344711132,-2.5004639585687247,43.847215324098194,0.5126958286454499,51.70048890038543,-0.9705122780537565,63.99132420473838,0.9832508944558787,75.77894616536675,-0.690654908274581,73.51466023087785,-0.118215059220664,46.42702396543157,-1.8504327854102718
35.0,28.089764593936703,41.983911246439526,0.9773843811169404,4.9999999999999964,1.482147737874584e-14,31.805260056961703,-3.4420754396960387,41.931739820058546,0.171088688750331,37.98657273690311,-3.2791034419180303,40.32625705840264,-2.5375513031140544,41.68669366572405,0.5421176281517147,50.3305920551807,-1.0115115185400725,62.640093388124036,1.0164747010526036,73.86904388508431,-0.7122164268179789,71.03272034614974,-0.12236597203306887,47.178271454987524,-1.9013869561777508
36.0,29.473767030026547,44.03577923851342,0.977384381116948,4.949999999999996,1.532107773982716e-14,34.17721615349501,-3.420639812726702,39.4951227989715,0.18175810038944262,40.439632596043765,-3.270713860173531,42.38661498864381,-2.5707219584315233,39.58716546446566,0.5743806263229911,49.06227966850197,-1.0542844177487354,61.37342448982208,1.0507696815937466,72.01384493577501,-0.7346785068748102,68.57689227996623,-0.12677126826548546,48.03873393671285,-1.9501373713558623
37.0,30.87174928870314,46.108373169901206,0.9773843811169559,4.999999999999995,1.582067810090848e-14,36.58699256462174,-3.4018178192431336,37.039061052653004,0.19395896830010406,42.92002836924879,-3.263213636691998,44.510696997698574,-2.6010769018854623,37.51294185495277,0.6105970409337723,47.877032388781664,-1.0997052633795077,60.17029133887297,1.0868337450603112,70.1787419735978,-0.758560822829314,66.09770983696028,-0.13155329729925525,49.01954407617459,-1.9975295231332395
38.0,32.25575172479295,48.16024116197512,0.977384381116964,4.949999999999994,1.63202784619898e-14,38.98386604270338,-3.3854817988874344,34.613757586123334,0.20774132910573928,45.37773971259581,-3.256596458375513,46.650257438476046,-2.628380921003572,35.51352273915009,0.6505659224544738,46.80571834724615,-1.146841044635299,59.059344254231604,1.1239365797190324,68.40351082315992,-0.7834524223010323,63.6449235265058,-0.13665437175510498,50.09463656119109,-2.0425205480575515
39.0,33.65373398346951,50.23283509336293,0.9773843811169725,4.999999999999993,1.6819878823071122e-14,41.41428174623347,-3.3709042765748385,32.17164175150576,0.22376935409361698,47.86208533002098,-3.2506026140648543,48.843613053310264,-2.6535136562460293,33.55834373812589,0.6956994443379223,45.83397445223232,-1.1965773427272242,58.022821974950475,1.1628021332408318,66.65566184126543,-0.8099247433073229,61.16917836302591,-0.14222213287069574,51.27907326962494,-2.0859625544702025
40.0,35.03773641955928,52.284703085436874,0.9773843811169811,4.949999999999992,1.7319479184152442e-14,43.82810478754656,-3.3580677457076327,29.76341636230596,0.24222321437738947,50.32311485138001,-3.245251854094544,51.04281690851965,-2.6762534263372384,31.6982361524624,0.7457636184778502,44.98827073508355,-1.2478067322213495,57.086042986633586,1.202609559234337,64.97374834065272,-0.8375160370418735,58.72021522960771,-0.14819650483350721,52.54261619060633,-2.1269649937071917
41.0,36.4357186782358,54.3572970168247,0.97738438111699,4.999999999999991,1.7819079545233762e-14,46.27287207629461,-3.3464630442284005,27.34297482557995,0.26415579146350243,52.81032890504752,-3.240353471721521,53.2887997142183,-2.697306590273994,29.9099533981475,0.8025087104774322,44.2583037160184,-1.3013980780136816,56.23462483264851,1.2440986429464223,63.32771854407395,-0.8668511157878832,56.248829032472834,-0.15475911728949865,53.90428794954173,-2.1663637052470954
42.0,37.81972111432554,56.40916500889867,0.9773843811169991,4.94999999999999,1.8318679906315083e-14,48.698716378369554,-3.336123477617307,24.96219026610149,0.29004618491323697,55.27380722608377,-3.235938421097815,55.5337109046139,-2.7164634794281417,28.24619094692972,0.8655599166896779,43.66480261566085,-1.3560626645911018,55.48988839422645,1.286354778513111,61.75465086886004,-0.8974070803086369,53.80476105818273,-0.16184965884254254,55.3306575969319,-2.2034019173348
43.0,39.217703373002024,58.481758940286525,0.9773843811170085,4.999999999999989,1.8818280267396403e-14,51.15384538645988,-3.326676040000974,22.5779374974192,0.3217191736896846,57.76316919958932,-3.2318611635558416,57.8203689357189,-2.7342971741712345,26.693621712171115,0.9369351363112454,43.20119132096682,-1.4126325447134833,54.8408555750241,1.3301234719499866,60.22726846286304,-0.9298612226007624,51.339014437764995,-0.16969679139360205,56.84454602952393,-2.238878447224984
44.0,40.583747411648964,60.545626349903024,0.9861110273769899,4.949999999999989,0.017453292519962638,53.584627621895656,-3.3265066876805616,20.23753533343679,0.3506577076073448,60.226548305687494,-3.236526250627522,60.10904722837531,-2.759004572355987,25.288170765977252,1.0066399528484422,42.90257387067391,-1.4784360828463596,54.28298251431306,1.3655949602803186,58.79863220570517,-0.9725517014882022,48.90527846498839,-0.1874053842897785,58.42652662769481,-2.2806346101491584
45.0,41.96358987492868,62.63034090507122,0.9861110273769997,4.999999999999988,1.9817480989559044e-14,56.04389278001854,-3.3183048977032934,17.91026898441383,0.3986256269065991,62.71573900252141,-3.232747642101244,62.43527721865365,-2.7739535165049745,24.044401907511986,1.0946158407759758,42.744549826355396,-1.5367067601088493,53.82924409078339,1.4110794196604488,57.42781824707762,-1.0085318171921966,46.45138636651662,-0.1974327201402375,60.08573125222138,-2.3121975623944957
46.0,43.32963391357558,64.69420831468776,0.98611102737701,4.949999999999987,2.0317081350640365e-14,58.48196805420962,-3.310865098508378,15.658817318967275,0.460014688464647,65.18085281330177,-3.2292911556299817,64.75100451893036,-2.7876919284381625,23.015248286010227,1.190336048838333,42.731846473510096,-1.5946248169167698,53.49146212091887,1.4567754907117434,56.14744732740215,-1.0458346637830032,44.027143941759626,-0.20845972337252738,61.784123774544575,-2.3417461739643466
47.0,44.70947637685525,66.77892286985598,0.9861110273770204,4.999999999999986,2.0816681711721685e-14,60.9476922291122,-3.3039548049535066,13.464525931154887,0.5425399847432917,67.67159944381677,-3.226055445097238,67.10166815271897,-2.800604016311778,22.20851944789283,1.2950472974285137,42.86433713665461,-1.652964890898784,53.26496830534694,1.5034228038564361,54.93710950478734,-1.0852236563312885,41.58448553609592,-0.22090177669996824,63.55146762212255,-2.3699652046180137
48.0,46.075520415502105,68.84279027947252,0.986111027377031,4.949999999999985,2.1316282072803006e-14,63.391404051416636,-3.297643448245215,11.416677856779321,0.6547055279274143,70.1380872003315,-3.2230784997505455,69.43910183547905,-2.812523907739854,21.665940474490437,1.4051888429459454,43.138055256845426,-1.7101764556846324,53.15573439449566,1.5498951924913227,53.8265156173518,-1.125900878109174,39.17338121223119,-0.2347457060718401,65.34828335465106,-2.3963779078056655
49.0,47.455362878781735,70.92750483464077,0.9861110273770419,4.999999999999984,2.1815882433884326e-14,65.86217205779771,-3.2917440409012038,9.555649219567828,0.8146976114870925,72.63007692365731,-3.2202767745860985,71.80950596115468,-2.823774810239398,21.39637023059981,1.5206891318443156,43.55579762180695,-1.7670481235838982,53.16227447875118,1.5969280878047447,52.79885361314788,-1.168654207412861,36.74654853495955,-0.2505706876830064,67.2070251070319,-2.4216059843860345
50.0,48.82140691742855,72.99137224425736,0.986111027377053,4.949999999999983,2.2315482794965646e-14,68.31032775302961,-3.286324191887326,8.061250321268966,1.039963744965761,75.0976712606543,-3.2176862477792705,74.16458987431619,-2.834203476294226,21.41554457915147,1.636372186866364,44.105262380465106,-1.822114523210593,53.2844154345586,1.6433777841584478,51.88017902462025,-1.2125686344228148,34.35432196287906,-0.2684352779450525,69.08704346121127,-2.4452298649525828
51.0,50.20124938070813,75.07608679942565,0.9861110273770645,4.999999999999982,2.2815083156046967e-14,70.78510774370069,-3.281230344876953,7.129421818360158,1.3471773319126514,77.5906697134931,-3.2152368470187884,76.55114417102209,-2.844084979465884,21.72308062919152,1.7514637145662202,44.79246437492395,-1.8762005095799867,53.52381952867836,1.6899798497533096,51.057351429390195,-1.2584409816439792,31.950735064509953,-0.2891892697909153,71.0230994856515,-2.467810055571662
52.0,51.56729341935489,77.13995420904227,0.9861110273770761,4.9499999999999815,2.3314683517128287e-14,73.23682746980982,-3.2765266660361227,7.009153315404135,1.6986893037204795,80.05916831584813,-3.212962219028797,78.92075245924246,-2.853278093360007,22.301106981472454,1.8608564734534212,45.597782599121004,-1.9279908826495153,53.87417755647944,1.7356101604017706,50.35189587044649,-1.3052336670704858,29.586928354588007,-0.3130469580914296,72.97357234658885,-2.4889736443071664
53.0,52.94713588263442,79.22466876421059,0.986111027377088,4.9999999999999805,2.3814283878209608e-14,75.71484991997063,-3.272084823845839,7.736157245092082,2.024966196669917,82.55299648856104,-3.2108027260017575,81.32067050510659,-2.8620194249524453,23.14046358653622,1.96456512731186,46.53088730172537,-1.9783486971584903,54.34033801995503,1.7810086563913012,49.75428199769241,-1.3537382086364538,27.21931966623846,-0.34133568996567987,74.97518487713316,-2.5092240373643477
54.0,54.31317992128113,81.28853617382724,0.9861110273771001,4.94999999999998,2.4313884239290928e-14,78.16947081795458,-3.2679648878333296,9.098019216044815,-4.0112567608517,85.02224346650289,-3.2087896254392705,83.70236075667478,-2.870178963305558,24.19823228205998,2.059158792365962,47.566192156443876,-2.02613783052779,54.91016605849508,1.8251043436383705,49.280575380873316,-1.4028020567271697,24.900892983784633,-0.37461358649259846,76.98549342463414,-2.5282270219945637
55.0,55.693022384560614,83.37325072899559,0.9861110273771125,4.999999999999979,2.481348460037225e-14,80.65015045565653,-3.2640579991570613,10.879745051124571,-3.8347604598008935,87.51676229095979,-3.2068715227778544,86.11345120773885,-2.8779621942150797,25.467059664932982,2.145958391115551,48.717382230502835,-2.072241967544218,55.59178595176986,1.8686424055479092,48.9246897713982,-1.4532029719808066,22.59279763604428,-0.41511465710136,79.04288256492076,-2.54643405812909
56.0,57.05906642320727,85.43711813861226,0.9861110273771252,4.949999999999978,2.531308496145357e-14,83.10716387938773,-3.2604199815683463,12.881029738037187,-3.7116749029241,89.9866356006784,-3.205077361188197,88.50529065399445,-2.885249433714151,26.89369384361275,-4.059928036678839,49.95426653020534,-2.1157013692793534,56.36778260456877,1.910629564702219,48.69638643669158,-1.5036985495228015,20.35249034689043,-0.46417771090299875,81.10420078298007,-2.563543553147303
57.0,58.338968155491905,87.40799397328443,0.9948376736371097,4.699999999999978,0.017453292519969132,85.4385954950976,-3.265647737417392,14.903793500324051,-3.6340400902870105,92.33066692309028,-3.211967680028785,90.78544118481479,-2.900320429745663,28.366477808051435,-4.002342274910996,51.22886394554536,-2.163458086110635,57.17495055568907,1.9407821030277765,48.61592908004736,-1.5606996847737546,18.29174840927883,-0.5314539941901477,83.09318383938091,-2.5875162585930567
58.0,59.55079000839967,89.27403598696343,0.9948376736371229,4.449999999999978,2.631228568361621e-14,87.64692884882405,-3.2625065483299154,16.89719189976688,-3.571744239461805,94.55028882556313,-3.210312949112543,92.9475139975,-2.9060402210079195,29.864588975702926,-3.9458142453940033,52.504129796421296,-2.198615734221014,58.01661404095464,1.9765456873316412,48.64437178095686,-1.6064534475193284,16.412421466942792,-0.6002123295401387,84.99335742004321,-2.601290732703224
59.0,60.98298656453035,90.8098787603642,0.8203047484377032,4.199999999999978,-0.3490658503988396,89.74398139235909,-3.089227702182002,18.93640235494212,-3.369167865196778,96.63879817574944,-3.038075088673176,94.87709047365273,-2.7403319218943842,31.586050655076637,-3.73211872180259,53.45711504603706,-2.059406814469511,59.19401917992155,2.18075229264638,48.39837611959005,-1.4749058970619089,14.525736679450663,-0.4854140126894523,86.59022274421432,-2.442655591510185
60.0,62.92092575463966,91.79730809729844,0.47123889803885044,4.3499999999999766,-0.6981317007977055,91.75001116411778,-2.7494246573668426,21.097017382790096,-3.0325966455881153,98.59940742322827,-2.698655555601337,96.47942917305703,-2.406638699441358,33.701966787050225,-3.3676202928731933,53.80276997529429,-1.7503841344335869,60.98733372372235,2.550301668446991,47.50280184093213,-1.1671803120643944,12.374454971424893,-0.16024152690297216,87.69645523945375,-2.1150800684940494
61.0,65.15415459583252,92.07151411996087,0.12217304763998454,4.499999999999975,-0.6981317007977318,93.42204537009651,-2.4166211753122107,23.136471799616753,-2.726548623992044,100.19265449574186,-2.365574228569199,97.55220447952325,-2.0779597767644695,35.936018519159106,-3.0262386756410207,53.46928050485773,-1.4428075369243385,63.173954015492605,2.9079105839415886,45.99403073852535,-0.8538262698598706,10.173217639670439,0.23035061073463575,88.16054667245706,-1.7910536825586976
62.0,67.41956499645838,91.54850291861224,-0.22689280275888135,4.649999999999974,-0.6981317007977318,94.55218649055024,-2.089174503381545,24.867204689853775,-2.4422177961400124,101.21670593284243,-2.0372362495632053,97.94516690411898,-1.7523378017822333,38.02901926654184,-2.7045599989435045,52.44241112676813,-1.1331363439679203,65.48404140248935,3.2528888251001917,43.9733575705943,-0.5303324336613084,8.325599605631,0.7329230017401054,87.89214365107438,-1.468224573500406
63.0,69.43237435952788,90.24136923457695,-0.5759586531577472,4.799999999999972,-0.6981317007977318,94.9860613080581,-1.7650167995632258,26.147478040472297,-2.1727829897817976,101.52573937485583,-1.7116492329791588,97.57368609738515,-1.4275267840426118,39.76117012658459,-2.3982182718787586,50.77139821603054,-0.8174577276791131,67.64258576287665,3.5861909657979245,41.614928019206346,-0.19166355219293074,7.504006014497314,1.3682579010189029,86.87153048744668,-1.144018225888138
64.0,70.92186654182994,88.26474634721048,-0.9250245035566131,4.949999999999971,-0.6981317007977318,94.63594828402915,-1.441793769438655,26.873851281358437,-1.9130026780604246,101.04314861178447,-1.3865511285517382,96.42845918247791,-1.1010811604516302,40.95943753147801,-2.1028212107335262,48.57581932071241,-0.4913959592157371,69.40058378034868,3.9098292819191753,39.17244567738998,0.16730646380034575,8.23765817591893,2.019113835237396,85.15657055486227,-0.8157007056874308
65.0,71.65279580363769,85.87398445730318,-1.274090353955479,4.99999999999997,-0.6981317007977318,93.51213433900008,-1.1164673151163191,26.972804528317262,-1.6567538088642786,99.7954036165795,-1.0590593003873738,94.61808828379552,-0.770065480545927,41.48718266707043,-1.8130439093592365,46.10246285386569,-0.15002229242599308,70.53166732433925,4.227027387348773,37.01898937864866,0.549721430284461,10.177450316524022,2.540633514607822,82.93147933788529,-0.4801971740244426
66.0,71.58800785657665,83.39983257798866,-1.59697626557443,4.949999999999969,-0.6457718232379018,91.79338268107108,-0.8128034926229406,26.50130843358359,-1.4247756405614218,97.97541643916185,-0.753136176011701,92.39265320766745,-0.45876353898557265,41.36145402736891,4.733348013186717,43.6664248293132,0.18261290879701386,70.97406493262349,4.515493878754055,35.47867229157906,0.9260696665682726,12.575741347317537,2.91757006375685,80.48797439719104,-0.16212866548631877
67.0,71.04690882173233,80.95909256018864,-1.788962483293806,4.999999999999968,-0.38397243543875204,89.77165417408645,-0.6370174212361395,25.78040330815363,-1.3244034339042803,95.86803886915803,-0.5750278169374141,89.98350309666604,-0.27410162185969256,40.906152671877,4.865563581591512,41.34990822960423,0.3967230773682442,71.0303449470106,4.672277025086037,34.45850750704856,1.1833438896683421,15.074671233774913,3.1148683447648517,77.98912436664938,0.03081451645811173
68.0,70.22073684512965,78.6260548697352,-1.9111355309334088,4.949999999999967,-0.24434609527920548,87.62596507683877,-0.5287526690632467,24.99557277863737,4.988455060218429,93.64877583332323,-0.4644184185151381,87.53781395319416,-0.15620763302201213,40.303683462654,4.92860662290042,39.219910403172534,0.5501967338781537,70.87041133470173,4.759637665487388,33.893872783160084,1.3760430728380668,17.539991698626796,3.223593028027506,75.543973399783,0.157980291623264
69.0,69.22386417281741,76.33340468377202,-1.9809487010131814,4.999999999999966,-0.139626340159545,85.39184022728419,-0.47190941543158527,24.262278640674573,4.961177451077022,91.34596120821942,-0.4051270846794508,85.04741173307475,-0.08893090464722109,39.67088577110906,4.937924752724985,37.213590256223156,0.6590541665762581,70.62208413775548,4.7942861698215555,33.67381978983912,1.519585972872698,20.014809039594528,3.274515178316096,73.11073561821152,0.23551567857940992
70.0,68.13889558451531,74.10888941918118,-2.0245819323130387,4.9499999999999655,-0.08726646259971454,83.14672842400286,-0.4406386890093277,23.66775914248584,4.904509208208609,89.03522460170518,-0.37132537947620525,82.57502655424844,-0.04665490500194558,39.085595866835526,4.920477555883227,35.36109235960688,0.7479367404501189,70.35507596216928,4.803010420089626,33.74594465337149,1.6366251508824605,22.455541951862983,3.298788558025952,70.73482958953342,0.2887900744696048
71.0,66.96521667755144,71.90152043703343,-2.059488517352924,4.9999999999999645,-0.06981317007977073,80.85571523767634,-0.4179359824908695,23.23309996666115,4.834378816772454,86.67929613123977,-0.3459399189981971,80.07520446725455,-0.012115101728308986,38.56049414003921,4.892414031416802,33.63506375099521,0.8352901843627096,70.0859823447135,4.802519808769158,34.08822533096042,1.744563953283084,24.914127009442097,3.3145358513656484,68.36928879741973,0.33532763376048846
72.0,65.7653128674426,69.73683666186298,-2.076941809872866,4.949999999999964,-0.034906585039883586,78.58247903460935,-0.4127619524479078,23.019947492728242,4.745158054639558,84.34040993641607,-0.33795390332509445,77.60024085603067,0.00550844747355228,38.15217268209777,4.846213369779445,32.06093834784788,0.9109122323399585,69.8635728906171,4.784744447660191,34.64393804850888,1.832213789095544,27.348413258177548,3.3148615584815637,66.05224607267564,0.36572761971584256
73.0,64.51531286744346,67.57177315240142,-2.0943951023928076,4.999999999999963,-0.03490658503988309,76.28136014634777,-0.4079298063577954,23.03019390012978,4.653981553071649,81.97149922180229,-0.3301090286473354,75.10092181397627,0.023726035690438962,37.856179966559665,4.798334995546276,30.62855314792021,0.9937630567946207,69.68385155829193,4.766458399644836,35.41376375388764,1.917586043293648,29.806850055373005,3.3164144762311194,63.740399284134575,0.3978453163278408
74.0,63.25915541911655,65.43924098030817,-2.1031217486527773,4.949999999999962,-0.017453292519939267,74.00721947829547,-0.4122021714623796,23.284688290329083,4.556345888879243,79.62705811002944,-0.33120080068663604,72.62726940422381,0.03355841409483684,37.702810858673836,4.74166402827648,29.370662550142555,1.0735715594166024,69.5723972641877,4.7396732472625835,36.34937543714126,1.9901874881436106,32.24344015098033,3.3111304979370235,61.47494886085167,0.4224940978142211
75.0,62.0664402661597,63.41441245327013,-2.103121748652775,4.699999999999962,4.551914400963142e-15,71.86022124525891,-0.4253040344943231,23.763565381155573,4.458500483059463,77.40854661788416,-0.34107287079368787,70.27863675700634,0.03468034092948713,37.70726130488598,4.679328156005884,28.325145351743334,1.146555211798221,69.54797177675499,4.705889770922909,37.36799759463583,2.047657090239038,34.56202236611874,3.29965788322567,59.339410592074906,0.43873335862079266
76.0,60.920480549485596,61.507215209207494,-2.1118483949127445,4.449999999999962,-0.017453292519938268,69.8313089413444,-0.4294703614325517,24.39926397044668,4.378646855602925,75.30879867504615,-0.3419857842697702,68.05580105072396,0.044825679663548,37.826855365524374,4.6292176312762,27.502441867104295,1.2293674759683983,69.57860043011678,4.682632820860727,38.45684508861452,2.1075749301130893,36.758000949836905,3.2983350210597573,57.341546052237724,0.46424977823529434
77.0,59.823233563582825,59.71667086406348,-2.1205750411727133,4.199999999999962,-0.01745329251993777,67.91987560867298,-0.43337250122949955,25.148704991279462,4.308159128360657,73.3275560480823,-0.3426276716639092,65.9589073557974,0.055256511120309604,38.040732159746355,4.582865348227772,26.889939794357783,1.3119748999263565,69.65440863351668,4.661212721804267,39.58715637326647,2.161665605209678,38.83085814955632,3.298153649309853,55.48033974104296,0.49021995854092615
78.0,59.06743378466251,57.892008787353404,-1.9634954084932204,3.949999999999962,0.3141592653589858,66.28838477622324,-0.607040339231921,26.253281733435795,4.08735085706526,71.60030781097359,-0.5129249241518881,63.994451748407414,-0.10496016967438337,38.64551763736651,4.37674513504882,26.154483325012695,1.2240259117188943,70.08938902371898,4.476560141515283,40.456983650785226,2.0488962690848505,40.8058578967904,3.1410991186133073,53.61781498898149,0.3451860409905445
79.0,58.924433013487885,55.847002484320726,-1.6406094968742662,4.099999999999962,0.6457718232379084,65.08345141533232,-0.9551769879916434,27.943906711079528,3.7216550830047326,70.24209084729745,-0.857462979164572,62.1350575940045,-0.4415355538232344,39.93295243446147,4.013246748268207,24.933871760525303,0.9656461078377607,71.19731048577432,4.12925696162006,40.82416796323365,1.7756424190468185,42.754563226554446,2.833450390785951,51.56834495592668,0.023186554606489773
80.0,59.49231456265501,53.79928777125265,-1.3002702927353684,4.249999999999963,0.6806784082777955,64.53824874121615,-1.3272080061844267,30.012380972684454,3.364503799135824,69.49590948196828,-1.2262808875287428,60.64565718115763,-0.8065665585865951,41.77887885854807,3.647134056056087,23.24426175214518,0.6788450614003156,72.90368628907515,3.771338983060046,40.5917695563198,1.4871972167120564,44.466718305335206,2.521978372727234,49.55375611277537,-0.33052656070848596
81.0,60.754182722628045,51.9971532738174,-0.9599310885964705,4.399999999999961,0.6806784082777959,64.7877835007394,-1.7013518600647652,32.19826177074473,3.032169721654016,69.52153925871552,-1.5982699684334765,59.7744214868701,-1.1804596915707244,43.95041527523377,3.298562893255668,21.181710306759463,0.3730033911641555,75.01482287416496,3.4226300697049945,39.73741935085193,1.197341894004447,45.764043957693794,2.221028800906213,47.8500812715228,-0.6994518788095272
82.0,62.606295526889205,50.6760540495758,-0.6195918844575723,4.54999999999996,0.6806784082777964,65.85113086659439,-2.072483483058389,34.26129336722068,2.7207026534817156,70.37159955807115,-1.968779881516952,59.7039761775919,-1.5588651370788713,46.18913768415858,2.9672049370363993,18.908069827814856,0.03659362052723658,77.2859414117479,3.0840354593903454,38.28660118352973,0.901932609296599,46.50831582617852,1.9272923891315858,46.73920712437027,-1.081775222746599
83.0,64.8652605123445,50.0283062634068,-0.2792526803186739,4.699999999999958,0.6806784082777968,67.62232877272433,-2.435967826320327,35.99918363928715,2.4254090903470935,71.97425185740094,-2.3332697410536487,60.50284145955724,-1.9359779928182865,48.248513577354714,2.6508459377650277,16.680461412413834,-0.3458957816447308,79.45757278107234,2.7551564314376953,36.31911057252053,0.596057528433184,46.60555224620868,1.6373911634797187,46.449269092014745,-1.4721699767404484
84.0,67.28573739851745,50.176348971779845,0.061086523820224725,4.849999999999957,0.6806784082777972,69.89269990959426,-2.788701331892913,37.251927160025694,2.141777259859178,74.14658447529766,-2.688362522526912,62.10273011950238,-2.3060479545929233,49.91529401274797,2.346400429762342,14.88391720463308,-0.7896548460289201,81.2857981048807,2.4346414658800013,33.97850391094645,0.27377132293932327,46.00925659921873,1.347818031343375,47.08863296926525,-1.862531571760092
85.0,69.58699953214811,51.15317679300401,0.40142572795912357,4.999999999999956,0.6806784082777977,72.39250976852993,-3.1294739989820624,37.90165510207047,1.8656958149541956,76.63118844445529,-3.0323768473451604,64.31338171605184,-2.6648607441754644,51.01980643405426,2.0505075425545867,14.00102655581937,-1.2921942150420693,82.56399209148357,2.120529527923847,31.48448015118272,-0.07184977227329142,44.72424788843266,1.054757616024927,48.607548952603416,-2.2443784920929692
86.0,71.52395472035715,52.69390051868294,0.6719517620182494,4.949999999999955,0.5410520681182516,74.78800962175404,-3.3915431714579323,38.042521121461526,1.660255178689669,79.07505639949589,-3.2978758184000294,66.73787227903705,-2.942979997110548,51.590610925567475,1.8269267872125101,14.198403518661372,-1.737924929295962,83.28007715503456,1.8785754832702048,29.164968932217082,-0.370870065418385,43.00765753773052,0.8248877866953239,50.63304465491798,-2.5435755427646605
87.0,73.21293023939548,54.53709386070897,0.8290313946977437,4.999999999999954,0.31415926535898875,77.09011446736255,-3.535784104194245,37.95564369686313,1.5689387635868026,81.45695780121443,-3.44549450331197,69.23579416275444,-3.101558894014473,51.897493582952656,1.7178012992254745,15.180901285484914,-2.0517468650806805,83.69190727249374,1.7510330575654558,27.034715154466742,-0.5745514143561513,41.07389259959471,0.7055093047550316,52.904684821659984,-2.720824296629627
88.0,74.71961477619118,56.50064337793042,0.9162978572974649,4.949999999999953,0.1745329251994424,79.29204174553638,-3.608595866104711,37.815790500587816,1.5469076498428935,83.75032312732398,-3.521493426172399,71.70812911937692,-3.1871957292382804,52.10386472981537,1.6779691640348828,16.6440206141778,-2.2646790947505586,83.95785109207918,1.6931225796316378,25.128321929817734,-0.7223848503223216,39.08335490557497,0.6549552116373878,55.24925763292489,-2.822755755001385
89.0,76.13563036850233,58.56095884948608,0.9686577348572996,4.999999999999952,0.10471975511966919,81.47182982125015,-3.6457251263750514,37.70783711640718,1.5607025974945306,86.0267510531918,-3.5616787495127182,74.19654568849946,-3.2362600855240675,52.30043408525878,1.6733563873275645,18.43285871152624,-2.4167879978701023,84.16957844175434,1.6703963115453424,23.407244933862795,-0.849527784662685,37.050791091673766,0.6408482853377304,57.664777244779586,-2.8865324877556953
90.0,77.46544689915977,60.64835267787355,1.0035643198971909,4.949999999999951,0.06981317007978255,83.60553384048255,-3.665435409016757,37.67771171639664,1.5914654049095112,88.25665729444637,-3.5842612728739622,76.65146494992332,-3.2669945390820225,52.525824964715866,1.6854790231877121,20.40275362766424,-2.5289784715246446,84.36574294549908,1.6647690929216936,21.922531733981018,-0.9718784135607725,35.044785539730036,0.6461754434010336,60.08247156456064,-2.930434983541427
91.0,78.77169331094866,62.77995308875935,1.021017612417139,4.99999999999995,0.03490658503989641,85.75781246055259,-3.6678677211532857,37.76858186843434,1.6402527848653434,90.50346215172972,-3.589447949595786,79.12679930580305,-3.2799496632721663,52.82714593170683,1.7151438028773824,22.516565098634032,-2.6087197594222116,84.59358843243618,1.6767866556412325,20.655333811203306,-1.0906482117522749,33.05555082302507,0.6732158755956688,62.537567936983784,-2.955583538744179
92.0,80.02785075927541,64.91248526085268,1.0384709049370875,4.9499999999999496,0.03490658503989691,87.88520987601322,-3.670751580563886,37.97774670403426,1.6879271664930269,92.72197856455001,-3.5949239783398976,81.57272160863265,-3.2926945987987644,53.19704980888353,1.7438579708927084,24.700172048085797,-2.675582584914192,84.84825429466342,1.6883929217514122,19.675637968349275,-1.2209041898955715,31.13051017459577,0.7042602541627998,64.97881895658634,-2.9794266963904494
93.0,81.27785075927439,67.07754877031434,1.0471975511970646,4.9999999999999485,0.01745329251995409,90.04130447066026,-3.665253128596472,38.328888407902255,1.7440881295429342,94.96636069091463,-3.5919148519128465,84.04179986544635,-3.296687006267628,53.662746085642425,1.7811071212696774,26.965909763882177,-2.725253117582154,85.15616358359273,1.7088544352608577,18.985910568987023,-1.3540389642098072,29.25512521980444,0.7503202359810746,67.45052938055034,-2.9938181888703457
94.0,82.51535075927336,69.22096164468138,1.0471975511970701,4.949999999999948,1.1268763699945339e-14,92.1929485787667,-3.6518283554430573,38.83224573774178,1.8069105345838008,97.20059000998604,-3.580831794201468,86.48793737549848,-3.2922664740626955,54.23347683345217,1.8257524299413272,29.246616670663723,-2.759483525151282,85.53191101165166,1.7375196008678595,18.61125076664325,-1.4842790951976887,27.49657483475544,0.8117350538293788,69.89950478675013,-2.9990315844388977
95.0,83.76535075927231,71.38602515414306,1.0471975511970761,4.999999999999947,1.176836406102666e-14,94.38241977971516,-3.638891715214389,39.49193273196439,1.8684971118058056,99.46896024510067,-3.5701435591790056,88.96040425634541,-3.2880481704502444,54.91729434820952,1.8698181299815118,31.580078797709522,-2.789006289346898,85.9821419873268,1.7661961663240877,18.563074254306727,-1.6188571997139731,25.839704246355673,0.8819834811497387,72.37501481973294,-3.0039393290722383
96.0,85.00285075927125,73.52943802851011,1.0471975511970824,4.949999999999946,1.226796442210798e-14,96.56485214788734,-3.626664317783321,40.28744994855021,1.9272622018771215,101.72534265193663,-3.5600328862943376,91.40962182558687,-3.2840969023414854,55.6966350915416,1.9122961642478749,33.91359497541438,-2.8142107210199745,86.49676638902935,1.794269122897437,18.844835651610538,-1.7504204705186295,24.341648291683082,0.9605595245244825,74.82737384054704,-3.008478018799427
97.0,86.25285075927017,75.6945015379718,1.0471975511970888,4.999999999999945,1.27675647831893e-14,98.78333394946026,-3.6148636789233466,41.226484997226855,1.9841213485139073,104.01461287533562,-3.550266416953063,93.88495180954749,-3.2803150726267125,56.58294239082687,1.953939713722703,36.289719127395415,-2.836365165332527,87.0849386242078,1.8222665332424823,19.447670847899463,-1.8772420017435272,23.00042454938216,1.0497535262262179,77.30596921710925,-3.012770128155945
98.0,87.49035075926909,77.83791441233888,1.0471975511970955,4.949999999999944,1.326716514427062e-14,100.99258796089718,-3.603693265548757,42.28138109945684,2.0377541320508836,106.2903439970839,-3.5410128871444986,96.33678354151887,-3.2767625503264686,57.55398823362362,1.9938354194145342,38.65747678822504,-2.8556061658598684,87.73354341534098,1.8495930686009119,20.331705692674813,-1.993563974539788,21.873986958684192,1.148045127643938,79.76109472865241,-3.0167564759564085
99.0,88.74035075926798,80.00297792180058,1.0471975511971023,4.999999999999943,1.3766765505351941e-14,103.23639967989388,-3.5928967333286312,43.46417639329124,2.0891375388103133,108.59791241534269,-3.5320603791563405,98.8145539741475,-3.2733531608282127,58.624660090096654,2.032730120434768,41.06199339804334,-2.8727825044443853,88.45420046348978,1.876768307441726,21.478764560504242,-2.0999106589868597,20.97260101571829,1.2569693239864659,82.2422290130607,-3.0205414075640937
100.0,89.95909907052295,82.15710826925243,1.0559241974570812,4.9499999999999424,0.017453292519957586,105.45982069066766,-3.591203680571758,44.72379761283637,-4.15444780774805,110.88248704213456,-3.532111303513166,101.26576305144546,-3.278657488013436,59.749789360876065,2.061253097736457,43.45841647360009,-2.8961552628792533,89.21048972603967,1.8945715150508502,22.84576152587337,-2.201812138584143,20.32406324307388,1.3639976903019357,84.70208642015237,-3.0325432938395114
101.0,91.19015797078048,84.3329975091028,1.0559241974570885,4.999999999999941,1.4765966227514582e-14,107.71684133701616,-3.581116524824285,46.096215368121726,-4.10842198316405,113.19826688719213,-3.523704095460714,103.74287870416764,-3.2753648206415327,60.96725929075634,-4.185752533575561,45.88751517383741,-2.909393489384712,90.03705962531508,1.9208981919503763,24.40429977745495,-2.2846205129650485,19.9612642457391,1.486880774966846,87.18766098281611,-3.035663962868898
102.0,92.4089062820354,86.48712785655466,1.055924197457096,4.949999999999941,1.5265566588595902e-14,109.96164658127347,-3.57153909475307,47.54545997917225,-4.065562589963265,115.4984555218929,-3.515713607957436,106.19627969523894,-3.2722564248935404,62.24804826993371,-4.151372894599662,48.29945092235602,-2.9211856690152462,90.91569860864035,1.9464725920401742,26.09190660491087,-2.3563810406968573,19.90718145876454,1.611089411234524,89.6491700382369,-3.0385829397294497
103.0,93.6399651822929,88.66301709640504,1.055924197457104,4.99999999999994,1.5765166949677223e-14,112.23895422882835,-3.562254704365954,49.09265487811165,-4.024913932142152,117.82907078288238,-3.507959619728308,108.67545691896382,-3.269259140982277,63.61339395263587,-4.118090938290555,50.741916063914665,-2.9319573852359913,91.86239645420665,1.9717919596153362,27.916010069675135,-2.419736085655473,20.163218919902945,1.7352960304941787,92.13627663560226,-3.0413730397572887
104.0,94.8587134935478,90.81714744385692,1.0559241974571123,4.949999999999939,1.6264767310758543e-14,114.50264148753074,-3.553427692365493,50.699356074295316,-3.9871765738735983,120.14308874519662,-3.5005799435427045,111.13076138417905,-3.266423586333932,65.03155348108277,-4.086552697153813,53.16522553708656,-2.941645360609494,92.85643908655132,1.9963340809118792,29.818578283709435,-2.474609588116241,20.71292955030473,1.8534482458511892,94.59918172564953,-3.0439907031165117
105.0,96.08977239380525,92.99303668370733,1.0559241974571207,4.999999999999938,1.6764367671839864e-14,116.79789824794848,-3.5448595479039735,52.391007861068026,-3.951458722345259,122.48687058967188,-3.4934091898559414,113.61173461074996,-3.2636838354697995,66.52685416371479,-4.056091355958234,55.61763472897391,-2.95057329838028,93.91607375016864,2.0205819571724355,31.820412297651355,-2.5232310695110898,21.54437221493441,1.9651152127275433,97.08758914964352,-3.0464999621713424
106.0,97.3085207050601,95.14716703115924,1.0559241974571294,4.949999999999937,1.7263968032921184e-14,119.07832441875848,-3.536703039890857,54.1274412665636,-3.918338554892583,124.81318667724861,-3.486575771987495,116.06870241604867,-3.261086874799251,68.06531887025761,-4.027279224685586,58.04951940729127,-2.958668251812633,95.01828011583709,2.044041040488604,33.8675195643854,-2.565607637904015,22.610976924484927,2.066348001523136,99.55168470588642,-3.0488605458935374
107.0,98.44782331263781,97.20252334293744,1.0646508437171098,4.699999999999937,0.017453292519961083,121.24280708906021,-3.5378132301388856,55.813764040910485,-3.8972863428074827,127.02031621878648,-3.4888940004364972,118.39979249524232,-3.2672755571877263,69.5605089347214,-4.009657004724582,60.36532834708891,-2.974142158687047,96.09403190931366,2.0571800155987057,35.87168709843347,-2.6095421972377695,23.80115503002233,-4.138188851998509,101.8935884915044,-3.059522356618659
108.0,99.52652471768477,99.14855219132319,1.064650843717119,4.449999999999937,1.8263168755083825e-14,123.29841809243365,-3.530848735419325,57.45337658781026,-3.870724450171151,129.1146927737452,-3.4830286050292765,120.60756484491786,-3.2649630233835696,71.01883535875699,-3.985747666920081,62.560306156959335,-2.9800698919031374,97.15398164234581,-4.205758062133452,37.80597624703239,-2.6394029109270054,25.079370609101446,-4.063629478509062,104.11125919788354,-3.061274343700244
109.0,100.84809753888845,100.78055871038359,0.8901179185176951,4.199999999999937,-0.34906585039884763,125.35099112319602,-3.3527461332452946,59.24893248013651,-3.677525718126213,131.18597504767442,-3.305836312033584,122.70486395421773,-3.091305324393792,72.67704304855701,-3.7932789774162012,64.54655284789939,-2.8162659960720724,98.48985825541455,-4.014660594923663,39.46511569695236,-2.4981994260124,26.65773907573282,-3.8355179351281494,106.1447511715559,-2.891729090875911
110.0,102.71243641791486,101.90076652331405,0.5410520681188383,4.349999999999936,-0.6981317007977135,127.50569042905921,-3.0060253524731597,61.38739795764106,-3.32187744472677,133.32453164904118,-2.9597684408101608,124.71158645217619,-2.7490206836862368,74.75601873005344,-3.4355421552517225,66.2593360039519,-2.487698615263957,100.37892411469713,-3.654753017261165,40.6948170649607,-2.193903262495592,28.714097498513798,-3.4608420015060606,107.9481341293077,-2.5540224106906213
111.0,104.92109758067181,102.33008676291259,0.19198621771997243,4.499999999999934,-0.6981317007977318,129.5008362717821,-2.6650540441387234,63.6065489781092,-2.9787537363301078,135.2696312809752,-2.6191242214594146,126.37979310024566,-2.411981310730419,77.0027018153517,-3.0880859764278252,67.49606725141808,-2.1667403208275977,102.59935752557068,-3.302104700909933,41.36047747128426,-1.8972312196965153,30.96317007736933,-3.1139425069093907,109.29629213101707,-2.2215409706744103
112.0,107.2174729725557,101.96637663169543,-0.15707963267889347,4.649999999999933,-0.6981317007977318,131.08858628687648,-2.3290238465679884,65.64339450086835,-2.6470381800648974,136.77769921812515,-2.2830678976070526,127.49481073816233,-2.078988183139197,79.14707435078462,-2.750529379456345,68.10157399390579,-1.8507855721174564,104.88405537491472,-2.9571938750897377,41.37321073664749,-1.6043763596899925,33.136175864224114,-2.7906910358623316,110.00950668407691,-1.8926565710119434
113.0,109.31656026969091,100.80283354310548,-0.5061454830777594,4.799999999999931,-0.6981317007977318,132.06176065115352,-1.9966319616057906,67.26272487416709,-2.3246311305183376,137.64863675700528,-1.9503010089971926,127.897058101909,-1.7484514091317667,80.93537485592091,-2.421462543377184,67.97809978862067,-1.5369482982735245,106.95753958753181,-2.619538847602511,40.69255400594334,-1.3114079193299157,35.006005503489554,-2.4858051990879204,109.97039388592397,-1.5654084311904268
114.0,110.94030636644351,98.93492733205511,-0.8552113334766254,4.94999999999993,-0.6981317007977318,132.2746000475254,-1.6662231581289213,68.27530896091585,-2.008892480235117,137.7461776198669,-1.6191956317434946,127.498216484395,-1.4185142802461355,82.15409455606722,-2.098814944703016,67.09266752265476,-1.222106879804797,108.56787945968428,3.995270725412598,39.33031004569938,-1.0139999771493113,36.39314115226419,-2.1941747660086897,109.13606179597153,-1.2376125408578755
115.0,111.83622624030814,96.60097626581268,-1.2042771838754913,4.999999999999929,-0.6981317007977318,131.66952068919613,-1.3355377993435067,68.54283723255652,-1.6961637106320488,137.02659243009074,-1.2875568301811968,126.31572307773008,-1.0868053265194397,82.63571898643761,-1.7795236294643593,65.51443430068646,-0.9022863242736638,109.4922257330619,4.323031400025256,37.39474414271301,-0.7061954335800691,37.14838564576804,-1.9099358376023028,107.57721109640977,-0.9065848576685853
116.0,112.11640419438517,94.14188592301332,-1.457349925414669,4.949999999999928,-0.5061454830783553,130.52666892557295,-1.0992111886831715,68.27177355170224,-1.4790556820116565,135.77861188957735,-1.0501536716824342,124.66570478160455,-0.8484332439970041,82.56303205301953,-1.556402992538443,63.560564148580994,-0.6727568703837503,109.85585657504014,4.553781668236545,35.186196172976175,-0.483920706921128,37.442422397766315,4.56041769266443,105.62289557667609,-0.6677590078432469
117.0,112.0291554526304,91.64340885546557,-1.6057029118341866,4.999999999999927,-0.29670597283903544,129.09024458648773,-0.9666213630866503,67.72083962178837,-1.3665677256498394,134.2424412507283,-0.9164099411067343,122.76429540701315,-0.7132008793612121,82.19498949529833,-1.4380680838648676,61.40926657084948,-0.5447889084562887,109.90992500137742,4.679387990498037,32.83595945188613,-0.36064234857099,37.534815616478,4.642116942408115,103.46005225307249,-0.5314004210795475
118.0,111.72752882770413,89.18685713015316,-1.6929693744339023,4.9499999999999265,-0.17453292519943164,127.52631791326795,-0.8943057914171124,67.0514819244018,-1.3146634490372215,132.58312043066167,-0.8429084769219668,120.76722066971459,-0.6379411968223505,81.69059913199519,-1.3803729689007205,59.19891722218888,-0.47599129390623096,109.8034989058696,4.744145466582652,30.46019887257725,-0.2953147692256519,37.57433487773629,4.6634757825077795,101.23075504366506,-0.4546393400885895
119.0,111.29340838353829,86.72483774762242,-1.7453292519937311,4.999999999999925,-0.10471975511965792,125.87510126514726,-0.8567615489006446,66.33520486437783,-1.2982195365441997,130.83654760755283,-0.8041296888378553,118.69178594144358,-0.5972227403862278,81.1258884506597,-1.357930096294726,56.929188399046346,-0.4416843653011471,109.62176543585707,4.7737783316924425,28.040071248517105,-0.2644054642045397,37.64881285383685,4.649384002646663,98.93516954510916,-0.41217289177208993
120.0,110.79997274585719,84.2995241036856,-1.7715091907736449,4.949999999999925,-0.05235987755982746,124.21928780821094,-0.8452928297273488,65.64935881517953,-1.3080776862968424,129.0851589437453,-0.7914064317412173,116.61714816360619,-0.5825144491955894,80.57575632683465,-1.361597579697737,54.673907453746416,-0.4337780982317381,109.43308578088768,4.777426464365144,25.64162197170239,-0.26100480374164636,37.82089313298014,4.610121585876566,96.64675936328707,-0.3956342540383879
121.0,110.25887371101341,81.85878408588547,-1.7889624832935866,4.999999999999924,-0.03490658503988364,122.54194920011959,-0.8428649901874001,65.00247087573383,-1.327593251745749,127.3092689900878,-0.7876793538827949,114.5135833413451,-0.5767514655514887,80.05104006735648,4.908604980217297,52.397208614111484,-0.43562101611176773,109.25550482618958,4.772073446923418,23.223229543863937,-0.26951451648207536,38.114163519816984,4.562171622067385,94.32793145938385,-0.38796694080293914
122.0,109.7021198515138,79.44721817554172,-1.7976891295535566,4.949999999999923,-0.017453292519939823,120.89310527633805,-0.849303370084175,64.43011822815714,4.927109001921546,125.55997598201294,-0.7928012963265887,112.43512846451515,-0.5798672226793282,79.58425010978291,4.886878623436785,50.15479507323624,-0.4473278075442806,109.11426154731325,4.758168574453176,20.841688678426696,-0.2914119898452523,38.54115290311747,4.5072800203557986,92.03335107090007,-0.3891964341713019
123.0,109.11850644187551,77.01629337454722,-1.8064157758135262,4.999999999999922,-0.017453292519939323,119.24006999271887,-0.8561976941566387,63.92264206558783,4.89768891341911,123.80245905948814,-0.7983351550179574,110.34019310075547,-0.5833891834844231,79.16694014481993,4.864549981392407,47.90319512579326,-0.46076608266899965,109.0066500469498,4.743992897848023,18.45409414856881,-0.3204820834517683,39.10590353021356,4.4532653307898045,89.71692900564553,-0.3908179835050207
124.0,108.54072916633362,74.60967782156266,-1.806415775813524,4.949999999999921,4.496403249731884e-15,117.63302381345177,-0.8720910678810188,63.51324812240909,4.859378390885222,122.0880251365509,-0.8128545591281817,108.28314013818212,-0.5959802840310191,78.8297632102682,4.83351099052177,45.699559476400964,-0.48484895354120283,108.95652933205267,4.721286808810516,16.12397419004588,-0.3688565658293985,39.81202742249044,4.393137419960659,87.4336332292093,-0.4016016686633659
125.0,107.95711575669534,72.17875302056815,-1.8064157758135215,4.99999999999992,4.9960036108132044e-15,116.04074577495982,-0.8885876520167055,63.195503960405716,4.820235212678113,120.38314741821488,-0.8279372344575655,106.22341332712467,-0.6091915106579144,78.56690215443125,4.801918843895225,43.50330298676883,-0.5116360270632512,108.96296602758734,4.698342128704566,13.821546496577266,-0.4341179316120882,40.66600240129364,4.33473417711799,85.13815161562054,-0.4130801202477621
126.0,107.37933848115347,69.77213746758359,-1.8064157758135189,4.949999999999919,5.495603971894525e-15,114.49635334645585,-0.9053667073947194,62.977190229662504,4.781153645213741,118.72306197568568,-0.843292317060899,104.20326296972831,-0.6227827355093878,78.38438313871855,4.770464952918518,41.362993772645325,-0.5409362359513119,109.02582146059451,4.675641374353057,11.622837450212872,-0.5238040712493091,41.64223622569735,4.279459443301177,82.8772826532111,-0.42506855240432206
127.0,106.7957250715152,67.34121266658909,-1.806415775813516,4.999999999999918,5.995204332975845e-15,112.96997972093833,-0.9227760083474363,62.8549164582537,4.741463089466526,117.07543186106587,-0.8592407579205257,102.18302263203185,-0.6370541257603781,78.27907170115424,4.73857637601297,39.24104851118783,-0.5737482538947196,109.14626620549204,4.652749794979289,9.540333027198358,-0.6552515453470575,42.75133988180569,4.22635190002059,80.60634975512006,-0.4378589367858514
128.0,106.21794779597334,64.93459711360453,-1.8064157758135126,4.949999999999918,6.494804694057166e-15,111.49351020475065,-0.9404754404065512,62.831692173516196,4.702078606665464,115.47443984718839,-0.8754739271006351,100.20430549078975,-0.651746679768112,78.25338792849738,4.706953926688023,37.18663767181274,-0.6098817317232734,109.32170624458992,4.630148518806136,7.726539141612797,-0.8517053092386038,43.96197673290444,4.176552559481245,78.37186351172593,-0.45124938942331183
129.0,105.6343343863351,62.503672312610014,-1.806415775813509,4.9999999999999165,6.994405055138486e-15,110.03853509698128,-0.9588300054241767,62.907158377552314,4.662329147084671,113.88903616500801,-0.8923298859669349,98.22844771028146,-0.6671851829739455,78.30689157823161,4.67502330234765,35.166513272660154,-0.6506114528092153,109.55541126603978,4.607404181520745,6.364119026436789,-1.151752382750238,45.289420641881925,4.1290709928715295,76.12991285404901,-0.4655704720951841
130.0,105.05655711079325,60.097056759625445,-1.8064157758135053,4.949999999999916,7.494005416219807e-15,108.63559249121441,-0.9774790905611344,63.079456588907746,4.623132034226717,112.35225107295962,-0.9094810448432455,96.29634943363473,-0.683089609084742,78.43835270158583,4.643486658052403,33.23095001400755,-0.6957365451503912,109.8423525663002,4.584994072737878,5.8146120953746205,4.732078448932711,46.6983533826631,4.084820876215989,73.92668835150775,-0.48060090451063386
131.0,104.45175237179562,57.671317443935116,-1.8151424220734729,4.999999999999915,-0.017453292519935326,107.23956810812777,-0.9879671465062358,63.329609485304466,4.592500448859269,110.81702934102363,-0.9184375218900649,94.35650043351585,-0.6909073538696537,78.62831130293613,4.620470360033082,31.338222336506533,-0.7376269325447948,110.16629958797957,4.571185442011799,6.263679555391625,4.33041693372887,48.19162667552041,4.051279097460487,71.70889853266108,-0.4877222058402646
132.0,103.85299568018797,55.26983552140169,-1.8151424220734687,4.949999999999914,8.493206138382448e-15,105.89752015508836,-1.0074815841275544,63.67305505965881,4.553899431238786,109.3322410410998,-0.9364274111588327,92.46254883074181,-0.7079654749631306,78.89399384950897,4.58922650253832,29.553469562597503,-0.7939790944043692,110.54178000213967,4.549016739208563,7.544304782288115,4.021088458528814,49.74963027886309,4.012001463826916,69.53215100320534,-0.5044033474754503
133.0,103.24819094119036,52.84409620571135,-1.8151424220734642,4.999999999999913,8.992806499463768e-15,104.5839030974553,-1.0276937597120968,64.11516618273411,4.5153862754329985,107.86936359262108,-0.955095655776524,90.5779233372719,-0.7259147834777517,79.23997368335894,4.557910638014227,27.858045580518123,-0.8580212778618999,110.9758139129897,4.526787443432395,9.338924049429293,3.8133594122990453,51.39647250409525,3.9748019821917318,67.35433097640478,-0.5223424723366097
134.0,102.64943424958274,50.44261428317792,-1.8151424220734595,4.949999999999912,9.492406860545088e-15,103.32656407757636,-1.048201741872281,64.64517992633938,4.4778320715114575,106.45915080901665,-0.974076030430918,88.74209941346861,-0.7444296494224667,79.6583367044175,4.52720560520217,26.30627943174948,-0.9292607787263334,111.45909153040635,4.504961623541812,11.380887727960092,3.6775960596900825,53.092527413140374,3.9402943971198234,65.22105523252556,-0.5412762357250469
135.0,102.04462951058515,48.016874967487574,-1.8151424220734547,4.999999999999911,9.992007221626409e-15,102.10172308133724,-1.0694205828410799,65.27151661879832,4.4405706989919995,105.07467088592233,-0.9937581392256023,86.91991985802416,-0.7639187187049767,80.15632707607935,4.4965450024908336,24.890931640260764,-1.0098167184137243,112.00067067831593,4.483117071298276,13.590385323065187,3.583511492055826,54.86586498083951,3.9076430253813856,63.091575695893674,-0.5616936212663375
136.0,101.44587281897756,45.61539304495413,-1.8151424220734493,4.9499999999999105,1.049160758270773e-14,100.93549506074487,-1.0909249073882323,65.97910187921056,4.40442822757404,103.74518736252183,-1.0137532014387358,85.14986042468058,-0.7840269479203941,80.72261267762796,4.466591417780597,23.667157875317333,-1.0984803342295684,112.58896168597332,4.461708057448399,15.862973438318836,3.5167344723876477,56.67546622081335,3.8773624499100654,61.01109176334865,-0.5833017904309918
137.0,100.87735636431985,43.33519808820521,-1.8151424220734438,4.6999999999999105,1.099120794378905e-14,99.87233948662762,-1.1117988449108924,66.729013053963,4.370861692818704,102.52219970057328,-1.0332110136246822,83.50237274813847,-0.8039009947736144,81.326386809489,4.438560344624287,22.69471775218439,-1.190823060540888,113.19480629551032,4.4415949325761055,18.070070724614887,3.46906577516342,58.438842767018976,3.850369908571267,59.063851411954936,-0.6052177863582793
138.0,100.32026085530016,41.18106958836359,-1.8238690683334098,4.4499999999999105,-0.01745329251993183,98.889129925983,-1.1231569255352216,67.48867207708358,4.348423743768579,101.38405082070182,-1.043237363378989,81.95991352726527,-0.8145584300281552,81.93749469016691,4.421077778216961,21.948269037128583,-1.2760470065015426,113.79154942036163,4.431434778148784,20.183856296864924,3.441417119712799,60.13306578232805,3.834765593655995,57.23673111778991,-0.6183298709835667
139.0,99.75906026553719,39.15744563662515,-1.841322360853347,4.1999999999999105,-0.03490658503987465,97.96525004475481,-1.1248640275323876,68.23046773833683,4.336924305418172,100.31142571414125,-1.0436868160768542,80.50649099722543,-0.8157656607046966,82.53020165586837,4.4140316136254745,21.396777319485235,4.9310540588709815,114.35649520103951,4.43115735303001,22.188716067915674,3.429339362795702,61.7399667284603,3.830029687630874,55.5172630449861,-0.622263773722795
