1.0,2.0,0.0,0.0,1.0,0.0,0.0,1.0,122.65004096069586,0.6354526388160864,0.7721398473215021,56.30748025712024,0.3510813726658551,0.9363449523370428,128.54434310430452,0.6713583925657196,0.7411328549805177,120.40955763287889,0.8167131384816138,0.5770438886527717,69.72522067075255,0.2349827506152665,0.9719995405931442,62.869621507636786,0.9501153810195929,0.3118986417892738,95.63166749612229,0.009396571138863968,0.9999558512508601,38.68164454059205,0.9993662038798947,-0.03559761990201921,23.713053767552545,0.1862267861591299,0.9825067857866641,104.27065339734298,0.9174709628688423,0.3978027555114712
2.0,2.3564026096753468,0.18159619989581932,0.45399049973954825,0.8910065241883671,0.4,0.45399049973954825,0.8910065241883671,122.25948294948373,0.2163371804757491,0.9763187104341507,55.91002746680629,-0.1130740654994958,0.993586561760683,128.15832804494354,0.26250572998802446,0.9649304336186388,120.05573021508651,0.4670968708070359,0.8842061486340588,69.33618757584746,-0.2332085847101081,0.9724267355526114,62.58655791833542,0.7081483433702188,0.7060636825258857,95.2737409657121,-0.4472720832034978,0.8943979447577031,38.514557816197986,0.9105358807282085,0.41343005443062053,23.329336785450472,-0.2847268227739945,0.9586086982669343,103.96257833602245,0.6387612073135962,0.7694050428943633
3.0,2.9868112125607227,0.674125380156348,0.6156614753256608,0.7880107536067199,0.8,0.1908089953765464,0.9816271834476636,121.45975668761982,0.02624373087606722,0.9996555739802108,55.1475469088891,-0.3047377321250366,0.9524363047570632,127.36050932381478,0.07402618586282465,0.9972562979528394,119.29028584519675,0.29166004799909523,0.9565220417748697,68.60893903632665,-0.41886501665138015,0.908048510722659,61.92561096124356,0.566395799259128,0.8241333621335891,94.64090049937886,-0.6137906137855226,0.7894688609620975,38.05648421622564,0.8247295345322817,0.5655273599660462,22.623027111912126,-0.4768434741503849,0.878988225837065,103.26157274217856,0.4834759746143885,0.8753576308976047
4.0,3.8644356545037226,1.492523412231351,0.6819983600625027,0.7313537016191666,1.1999999999999997,0.08715574274766062,0.9961946980917453,120.26201230224329,-0.06158920470544143,0.9981015829382054,54.04283521633956,-0.39449081830637156,0.9188998826161473,126.16061442136315,-0.01329739755719137,0.9999115857005588,118.11658506132227,0.20924254831172284,0.9778637716860239,67.5698609651994,-0.5040465038394569,0.8636765146553542,60.88404410274134,0.5008364284038943,0.8655419527577106,93.76489078812423,-0.6866171264725398,0.7270192030714129,37.30569116732956,0.7878451465139403,0.6158733839957917,21.632257318629286,-0.5769031406831279,0.8168125649559653,102.16573345097484,0.4096915134478276,0.9122241302491556
5.0,4.995806504402188,2.623894262129837,0.7071067811865539,0.7071067811865411,1.5999999999999996,0.03489949670250435,0.9993908270190957,118.66956189249069,-0.09767833762720174,0.9952180375969812,52.59994205076594,-0.4380142186385925,0.8989680440763305,124.56249685019034,-0.04880392341457252,0.9988083785488309,116.54160850773766,0.17735296945170553,0.9841473081945926,66.2224753968218,-0.5447438636043497,0.8386024821483691,59.47681504040942,0.4814522883145474,0.8764723008040163,92.64770448022615,-0.7201519002641378,0.6938164314470733,36.29759174095746,0.7871422269927341,0.6167715253519078,20.3813718096029,-0.6421928634381824,0.7665431012989864,100.68599980584628,0.38315526766392627,0.9236839507436432
6.0,6.410020066775265,4.038107824502951,0.707106781186557,0.707106781186538,2.0000000000000004,4.3298697960381105e-15,1.0,116.679289360705,-0.09934449889194372,0.9950530993569683,50.809558506725025,-0.4534485871344904,0.8912824349361623,122.56491895940678,-0.04959933566813314,0.9987691955107946,114.5738629546397,0.18039891298513586,0.9835935299674258,64.55446474656522,-0.5588193976471372,0.8292893830342282,57.73190109167739,0.49600391051376663,0.8683202869650412,91.27143664169193,-0.7310109590853987,0.6823657213672486,35.09937153418189,0.8140136403760307,0.5808457568767823,18.891996109957073,-0.6928209939821413,0.7211096104598785,98.84160251919191,0.3903049952890834,0.9206856198792227
7.0,8.107076341622948,5.735164099350698,0.7071067811865608,0.7071067811865343,2.4000000000000012,5.329070518200751e-15,1.0,114.29141061722558,-0.10142009333867585,0.9948436885597527,48.68264612707046,-0.47325945384448975,0.8809230893482218,120.16793184994353,-0.05058869253235527,0.9987195723464454,112.21407372910888,0.18419258517804526,0.9828901726873804,62.57854363881418,-0.576464152207183,0.8171224395523928,55.66066344582141,0.5144611459893663,0.8575136904255861,89.65092720132942,-0.7442245442337864,0.6679295080770222,33.7619125817261,0.8462603274707428,0.5327696107597647,17.241698211935567,-0.7591347071686113,0.650933557570991,96.63649717654702,0.39921119176265896,0.916858999176775
8.0,10.086975328945233,7.715063086673082,0.7071067811865652,0.7071067811865298,2.800000000000002,6.328271240363392e-15,1.0,111.50620989534211,-0.10395336316684259,0.9945821727169166,46.235054867488806,-0.4983128620444862,0.8669972846099536,117.37160252060058,-0.05179394696889814,0.9986577927685655,109.46319621302291,0.18882145824885593,0.9820114342026652,60.31220327098807,-0.598125837701942,0.8014021975720743,53.27910173849036,0.5374574226760749,0.8432908862370037,87.80545512503404,-0.7598664609338561,0.6500791963659939,32.35703545502823,0.8830032416647138,0.46936688763653445,15.56490403053495,-0.8409156585565855,0.5411661992348971,94.07593289930983,0.4100769454702971,0.9120509299341517
9.0,12.309882114413952,10.01695044775684,0.7193398003386736,0.6946583704589739,3.200000000000003,0.017452406437290863,0.9998476951563912,108.330532592831,-0.12485112090744548,0.9921754873046171,43.5199323517597,-0.5453961795779232,0.8381783863246569,114.17949170213083,-0.07115008189865714,0.9974656213854262,106.31211204242895,0.17674205771110754,0.9842572047163504,57.814691757055776,-0.6384595698048936,0.7696553629544526,50.578626453374525,0.5505636781903187,0.8347931697477807,85.80344255920153,-0.789087811099336,0.6142804134712896,30.93286928842012,0.9149477882808663,0.4035722298671591,14.144536891414662,-0.9356109182386004,0.35303287335986566,91.14363768528644,0.4067759896661273,0.9135279383966003
10.0,14.810652248066239,12.606573728976088,0.7193398003386794,0.6946583704589679,3.6000000000000036,8.326672684688674e-15,1.0,104.75966504001693,-0.12910683150380384,0.9916306903575789,40.550052427420326,-0.5853409162077794,0.8107872790153021,110.58891209496535,-0.0734601691241743,0.9972981517842333,102.77075575713202,0.1828323758404187,0.9831441004982677,55.09189951772459,-0.670013986643118,0.7423484745741691,47.614641364193695,0.5848359626399392,0.8111515868214866,83.64028730801928,-0.8094956731137007,0.5871258427374804,29.663447941247156,0.9541021797829179,0.299481269086206,13.306946346345649,-0.994501879288822,0.10471872846344683,87.86714074437609,0.42194434810461984,0.9066217331955855
11.0,17.589285729902087,15.483932930330834,0.7193398003386859,0.6946583704589613,4.000000000000004,9.325873406851315e-15,1.0,100.79446526260486,-0.13418582446446356,0.9909561869794205,37.38030254685068,-0.634976263511804,0.7725316464563688,106.60012447097267,-0.07620891838609223,0.9970918717743225,98.84088496710812,0.19010171194079958,0.9817644010235741,52.1913622347995,-0.7072500438204917,0.7069634895211439,44.43166142575324,0.6267322383277555,0.7792346895773323,81.35624541230875,-0.8322219189282454,0.5544426730108254,28.7202187924072,0.9854367943778745,0.17004212503452998,13.48802910196882,-0.9811502517520946,-0.19324643201570763,84.25755958447373,0.44002038041502667,0.8979877865647257
12.0,20.64578255992149,18.649028051821087,0.719339800338693,0.6946583704589538,4.400000000000006,1.0325074129013956e-14,1.0,96.43606543550067,-0.14025031363151638,0.9901160788141263,34.09582543045999,-0.6961440158869352,0.7179021584762164,102.21347025707352,-0.07947954575189198,0.9968364970280096,94.52482252556212,0.19878187485523818,0.980043757303232,49.17927694997509,-0.7505670175907738,0.6607943341955128,41.095654859680096,0.6776082462504829,0.7354230514563336,79.0016061537333,-0.8570262551634181,0.5152727413327506,28.306092516920497,0.9998540181306502,0.017086322834165158,14.974119267779948,-0.8837770631032438,-0.4679082204157191,80.32974831358675,0.4615356601948963,0.8871216570282011
13.0,23.98014273812443,22.101859093446855,0.7193398003387009,0.6946583704589457,4.8000000000000025,1.1324274851176597e-14,1.0,91.68597977124783,-0.1475164300633988,0.9890596053127184,30.83150388381131,-0.7698490780595181,0.6382259764463604,97.42940199266509,-0.08338222363685946,0.99651763897152,89.8256802708214,0.2091809534348994,0.9778769496823547,46.14830831857166,-0.7998634093540341,0.6001820776868807,37.70616668557444,0.7385199044546786,0.674231674370355,76.63878249824539,-0.8834489336437445,0.4685274609280983,28.629213437348366,0.9885692599468848,-0.15076743112512214,17.734902803087046,-0.7461999254223499,-0.6657219173947028,76.10381576222811,0.48716405412619834,0.8733104742113921
14.0,27.38396875337322,25.62662411510653,0.7193398003387095,0.6946583704589369,4.9,1.2323475573339238e-14,1.0,86.84259598120104,-0.15574371389874625,0.9877974972538782,27.959836522344578,-0.8489178690716636,0.5285247880382016,92.5473674383825,-0.08778078091921841,0.9961398167432182,85.04026050229015,0.22095206824397895,0.9752846679501878,43.38481257878012,-0.8508125547525894,0.5254693108787344,34.5922336011278,0.8050001899002679,0.5932745521767578,74.46892449822705,-0.9091906608029792,0.416380045521687,29.764779876542793,0.950854011284838,-0.3096395472537918,21.31292119170829,-0.6209277006187489,-0.783867840011512,71.8642514128659,0.5159038422066125,0.8566464997864958
15.0,30.787794768621964,29.15138913676625,0.7193398003387188,0.6946583704589272,4.899999999999999,1.3322676295501878e-14,1.0,82.00593921719675,-0.16492937647966707,0.9863053790657477,25.708817261301586,-0.9232476390840915,0.38420540980789325,87.66733751461621,-0.09266712570580642,0.995697144624521,80.26866746420366,0.23408662477630016,0.9722157435985285,41.02240320027352,-0.8998093809230654,0.4362832543232088,31.929770511384255,0.8721251099519661,0.48928293715525273,72.56554588116819,-0.933038535735751,0.3597764456326813,31.62708301688351,0.8948647058444373,-0.44633749364572617,25.337214566976257,-0.5223061561898882,-0.8527580425924719,67.7138869707834,0.5475249624526132,0.8367893495326434
16.0,34.261086620916544,32.74808813845989,0.7193398003387287,0.694658370458917,4.9999999999999964,1.432187701766452e-14,1.0,77.07882379254352,-0.17547216936166193,0.984484391841492,24.231562439501413,-0.9795325786111195,0.2012856861265873,82.69014990009549,-0.09824483563733594,0.9951622743405182,75.41667159332323,0.2491467873749156,0.9684657342109522,39.100686549497766,-0.944033122817095,0.32985066776376815,29.804082370115456,0.9343268573805762,0.35641734466399977,70.92027007356018,-0.9546840501820462,0.2976211758729615,34.15312445161713,0.8286785117044007,-0.5597248647678426,29.7159818448221,-0.44534228140745213,-0.8953604036313008,63.58889757155677,0.5830427140127287,0.8124415016705335
17.0,37.734378473211066,36.344787140153585,0.7193398003387393,0.6946583704589059,4.999999999999995,1.532107773982716e-14,1.0,72.16173561929743,-0.18742881260615304,0.9822781888065354,23.73592112271855,-0.9999866749398235,-0.0051623582591361775,77.71589100112595,-0.1045330637159537,0.9945214118309149,70.58533652219437,0.26620006884965797,0.963917799059877,37.74771268511968,-0.9778696668464887,0.20921499626350235,28.40873821449284,0.9802179318113997,0.19792121198947385,69.59605567545849,-0.9728489641648832,0.2314409058989224,37.18332206054819,0.761146631668238,-0.6485798371057302,34.26521139567946,-0.3862162995645128,-0.92240824473261,59.59803100807811,0.622085038617665,0.7829496821176047
18.0,41.20767032550553,39.941486141847335,0.7193398003387507,0.6946583704588942,4.999999999999993,1.63202784619898e-14,1.0,67.2568739827892,-0.20109748820895637,0.9795712328544814,24.282077440539993,-0.9774948168361252,-0.21095943462786915,72.7451616102234,-0.11167588339816636,0.9937446840447697,65.77921487588371,0.28564982840608694,0.9583340625959056,37.025881991852955,-0.9969335297870056,0.07825303308129179,27.853715873372085,0.99975007803547,0.022355792718480916,68.61149483764603,-0.9868091466895447,0.16188794893336764,40.60496237049417,0.697007426885038,-0.7170639071011025,38.92518268395678,-0.3399799881861302,-0.9404326704410895,55.770087912013686,0.6647836646714306,0.7470359289793383
19.0,44.680962177799934,43.53818514354114,0.7193398003387628,0.6946583704588817,4.999999999999991,1.7319479184152442e-14,1.0,62.367123617208755,-0.2168640725799707,0.976201810090531,25.803965162603397,-0.9198433144120104,-0.39228596320991055,67.7787382686942,-0.11985882879023148,0.9927909453460149,61.00426614118009,0.3080083186067277,0.9513836637598191,36.9721795623534,-0.9983815848714749,-0.056870123874685714,28.18869576566978,0.9878695647882836,-0.1552859393667279,67.98134657485943,-0.9959563039734004,0.08983897025035245,44.32749145575509,0.6384742156878351,-0.7696432133799426,43.66045100509404,-0.30310688149991666,-0.952956566894523,52.14096385173201,0.7110540481495919,0.7031373554363883
20.0,48.15425403009427,47.13488414523501,0.7193398003387754,0.6946583704588686,4.999999999999989,1.8318679906315083e-14,1.0,57.49634004553342,-0.23523564129501798,0.9719383689640623,28.143737338834768,-0.8433707490365492,-0.5373320943974312,62.81764230608137,-0.12932481843528357,0.991602284858542,56.268426894308845,0.33393187759229154,0.9425972104391603,37.589469082539466,-0.9819862884086623,-0.18895218807248418,29.3832545846173,0.947708312494421,-0.31913782983058714,67.7155059082186,-0.9998662753195852,0.01635333233746176,48.281363158167224,0.5861880959720903,-0.810174991060953,48.4489434039281,-0.2731490558772479,-0.9619717216599291,48.75507683371554,0.7604345194171953,0.6494146146174563
21.0,51.62754588238854,50.73158314692895,0.7193398003387889,0.6946583704588547,4.999999999999988,1.9317880628477724e-14,1.0,52.64978754922972,-0.2568897055867878,0.9664407271858598,31.117443414936886,-0.7627749016407687,-0.6466640931943846,57.86324401978701,-0.14039793868089565,0.9900951564441447,51.58247030626221,0.3642675763766011,0.9312943319921565,38.84577596371947,-0.9502279800534743,-0.31155542993742535,31.339252240590753,0.8885583613866369,-0.4587635975204383,67.8182571191625,-0.9983513813229653,-0.057397904234624576,52.414249570718916,0.5399669092359694,-0.8416862461334119,53.27631041979016,-0.24839901721340718,-0.9686577972882959,45.66656241425866,0.8118641181018305,0.5838464299272003
22.0,55.10083773468273,54.328282148622954,0.719339800338803,0.69465837045884,4.999999999999986,2.0317081350640365e-14,1.0,47.83483186263377,-0.28274769443257525,0.959194318839026,34.561837595334545,-0.6867576058324025,-0.7268865047800424,52.9174246547586,-0.1535199461948568,0.9881455490565791,46.961331120749364,0.40011262444128354,0.9164659774168971,40.681942364392924,-0.9073397454080862,-0.42039812844824764,33.92523856974782,0.8208270830794955,-0.571176767457507,68.28793639403447,-0.9914847958379156,-0.13022250044537947,56.68700986745009,0.4992671232228078,-0.866448117124633,58.132868387295815,-0.2276471730392594,-0.9737436852720707,42.939635867217696,0.8634223991987491,0.5044816751497284
23.0,58.57412958697684,57.92498115031703,0.7193398003388178,0.6946583704588247,4.999999999999984,2.1316282072803006e-14,1.0,43.0620732161593,-0.3140858628621522,0.9493945811674602,38.35030575172467,-0.6189156611632048,-0.7854574491128803,47.982837095056084,-0.16930804174159775,0.9855631826532611,42.42619471940536,0.442882553249206,0.8965796361882553,43.02379061468314,-0.8579519075433795,-0.5137300111368582,37.00938925501515,0.7524240518021788,-0.6586790161145202,69.1170638498958,-0.979590956306714,-0.2010013888561407,61.07029242899653,0.46343253347822255,-0.8861322062276916,63.011868103742756,-0.21002048577963012,-0.977696985549658,40.64713684975988,0.9121194331160453,0.40992455370722086
24.0,62.04742143927087,61.521680152011186,0.7193398003388333,0.6946583704588086,4.999999999999982,2.2315482794965646e-14,1.0,38.34727056807678,-0.3527027666472536,0.9357354104656791,42.390698089737306,-0.5599248398762605,-0.8285434048313607,43.06334263952729,-0.18864954942708728,0.9820444732805929,38.007859399144415,0.49436673727540564,0.8692534320183442,45.79380616603533,-0.8060553668279984,-0.5918401351782261,40.47799370082651,0.6879479952440046,-0.7257599850086494,70.29292121903502,-0.9632043952598845,-0.2687699628902757,65.54192663489465,0.4318145924864979,-0.9019623926282735,67.90847264452569,-0.19487676034627285,-0.9808277362905993,38.86601522869251,0.9539193355181568,0.3000631622252192
25.0,65.52071329156482,65.11837915370542,0.7193398003388495,0.6946583704587919,4.9999999999999805,2.3314683517128287e-14,1.0,33.71474707555603,-0.4011653533221487,0.9160056546189633,46.61755696966277,-0.5091559142746287,-0.8606743024856539,38.16477830261785,-0.21286328775070704,0.9770819928378374,33.75222590943237,0.5566987342522386,0.8307144631472089,48.91930914770508,-0.7545556932572682,-0.6562360137732791,44.24071716257619,0.629437233480014,-0.7770513297775291,71.79847513548161,-0.9430068054519378,-0.3327734437591605,70.08500322226338,0.40382334364561906,-0.914836983908539,72.81913067251708,-0.18173497852566012,-0.9833475466895099,37.66888033152565,0.9842353447963781,0.17686374997029394
26.0,68.99400514385867,68.71507815539974,0.7193398003388664,0.6946583704587744,4.999999999999979,2.4313884239290928e-14,1.0,29.203684368862497,-0.4631329476069079,0.8862888202166025,50.98452658507536,-0.4655452630423241,-0.8850240720222549,33.29638308415213,-0.24398686683898899,0.9697785359607076,29.729247073842618,0.6320315275830923,0.774942674099822,52.33664998645859,-0.7052867013300054,-0.7089221882033597,48.22876875967257,0.5773888766836855,-0.8164692799376788,73.61349937379212,-0.9197559041451461,-0.39249086204667855,74.6864861023426,0.3789435253634485,-0.9254197991101776,77.74117909377206,-0.17022874238970134,-0.9854045744081061,37.11228841104563,0.9989964243260715,0.044790000934624895
27.0,72.46729699615244,72.31177715709414,0.719339800338884,0.6946583704587562,4.999999999999977,2.531308496145357e-14,1.0,24.880236957544756,-0.5436117206525358,0.8393368198579098,55.45851859172549,-0.4279884396998215,-0.9037842084719738,28.473636053115097,-0.2853123559850035,0.9584345880248096,26.04694817658677,0.7213828397318828,0.6925364961793457,55.99241963088771,-0.6592382231549279,-0.7519341494649205,52.390716898023705,0.5315207782361153,-0.8470452539878105,75.7157417472102,-0.89421894458723,-0.4476298461243402,79.33621326964222,0.35673444917822084,-0.9342058299804767,82.6725834958529,-0.16007462921111273,-0.987104914932007,37.22498296545553,0.9959720721859772,-0.0896639918003359
28.0,75.94058884844611,75.90847615878863,0.7193398003389022,0.6946583704587372,4.999999999999975,2.631228568361621e-14,1.0,20.861380620922763,-0.648336208830267,0.7613541622133528,60.0156031184664,-0.39549056589971227,-0.9184700388604548,23.72439195604182,-0.34242732967938655,0.9395443171498855,22.87048069127557,0.8215752740668302,0.5701000517821524,59.84293759866548,-0.6168203752824053,-0.7871039477962696,56.68827302100282,0.49122601790443715,-0.8710321459818515,78.08200693248853,-0.867119754393214,-0.49809972047879353,84.02617607398831,0.33682313849094675,-0.9415679334902546,87.61176403239236,-0.15105029895446948,-0.988526078151591,38.0010100188438,0.9756331056150325,-0.2194083937044501
29.0,79.47612275437746,79.44401006472272,0.7071067811868225,0.7071067811862726,4.999999999999973,-0.017452406437256228,0.9998476951563917,17.292539759327905,-0.7659912220666221,0.6428510307348685,64.60550721449809,-0.3822276414619565,-0.9240681955907962,19.06729486903851,-0.405596427810077,0.9140522620439736,20.517636291800553,0.9267398999001198,0.37570355059955973,63.80195508782097,-0.5913419923171499,-0.8064208877021873,61.13197284467662,0.4413526885704674,-0.8973337195779617,80.61544780357771,-0.8481613689400934,-0.529737946760157,88.77714047196115,0.30319605840099695,-0.9529281978040629,92.5442856816092,-0.15931031878259397,-0.9872285562773133,39.48305910904072,0.9351829343663356,-0.3541650452401678
30.0,83.0116566603088,82.97954397065682,0.7071067811868231,0.7071067811862719,4.999999999999972,9.992007221626409e-16,1.0,14.58995069370902,-0.9078806324269966,0.41922876483366067,69.25222384307854,-0.3565807605544355,-0.9342645028055065,14.638192974606593,-0.5283183997026991,0.8490463288511287,19.206454929403616,0.9900063428228253,0.14102283918066072,67.8984665925445,-0.5556646140739809,-0.8314065411494029,65.65573782740395,0.41094291931562804,-0.9116610757646447,83.37206392154113,-0.8201177390923966,-0.5721948042633519,93.55406498458396,0.2877146927997812,-0.9577161664852105,97.48368287960297,-0.15123823000874093,-0.9884973433367553,41.518034042615,0.8893456524808646,-0.45723550869697904
31.0,86.54719056624013,86.51507787659092,0.7071067811868246,0.7071067811862705,4.99999999999997,1.9984014443252818e-15,1.0,13.292907551088447,-0.9964662442716421,0.0839941904370068,73.94504345783527,-0.33395085719479994,-0.9425904863613139,10.723416130169587,-0.7211905789168668,0.6927367096390623,19.152086646311236,0.992816738687456,-0.11964498895483971,72.10904283243146,-0.5232183614340317,-0.8521986542222928,70.24410092982417,0.38410002000836396,-0.9232914895251523,86.33047932511273,-0.7920135403083689,-0.6105035233053154,98.35316710661225,0.2736757733285122,-0.9618220059309522,102.42896095940196,-0.1439364366811051,-0.9895869351378616,44.029335049708294,0.8386200480580924,-0.5447168209216995
32.0,89.72917108157831,89.69705839193162,0.7071067811868267,0.7071067811862684,4.49999999999997,2.9976021664879227e-15,1.0,13.671234329314073,-0.9688908363220082,-0.2474884791080979,78.20114131055574,-0.31577557864513395,-0.9488339074523691,8.26952945734185,-0.9351954941060682,0.35413187911243893,20.190975302474925,0.9417332208276031,-0.33636073015390605,75.98042591049969,-0.49655914379584043,-0.8680028898066768,74.41898776952016,0.3625521037208427,-0.9319635036242521,89.14901691366696,-0.7669732200526221,-0.6416791096195295,102.68875130308324,0.2621210086367328,-0.9650350132670119,106.8840647483488,-0.13793692902825166,-0.9904410147051944,46.63350747755984,0.7917886745516656,-0.6107951332907922
33.0,93.71394987394513,90.04568136292383,0.08715574274805446,0.9961946980917109,3.99999999999997,-0.642787609686537,0.76604444311898,12.470894003999831,-0.9880469186243761,0.15415345145949688,80.36888579793651,-0.8288217732986058,-0.5595127059380819,5.164258744821367,-0.782667147082002,0.6224404685417874,23.729185701236236,0.4298715033985589,-0.9028900766792505,77.45440587253606,-0.9204712220422615,-0.390810349648043,78.21742652303705,-0.30571927217220896,-0.9521216973803794,89.23293014359876,-0.9990585711700978,-0.043381693968338755,106.33298447118887,-0.40513859080041326,-0.9142552828637389,109.60452185221762,-0.723884426696833,-0.689921254047009,50.54814408213822,0.19736594228743287,-0.9803298857144944
34.0,97.31821886881767,87.52194504298068,-0.5735764363507202,0.81915204428922,4.39999999999997,-0.6427876096865393,0.766044443118978,9.603380460820325,-0.854215153569809,0.5199196778462107,80.03038056896933,-0.9987688571810723,0.049606148058630825,1.2236345962800268,-0.8418094526524967,0.539774809920678,28.01004615242141,-0.21269471689917405,-0.977118701797883,76.28447347326646,-0.9709966134187685,0.2390932385687276,80.64798203788406,-0.8207037459590069,-0.571353972042598,86.62388721058939,-0.8170992939429498,0.5764969590881923,108.34080826486552,-0.881383483290712,-0.47240147690532364,109.97033707636902,-0.9946806377099616,-0.10300693648926794,54.451438595407176,-0.44461958780822164,-0.8957194996968901
35.0,98.5605502853116,82.88550107679367,-0.9659258262889653,0.2588190451029051,4.7999999999999705,-0.6427876096865393,0.766044443118978,5.284451603095114,-0.5818396038013142,0.8133035567660637,76.84702973190457,-0.7635881952822968,0.6457035449999674,3.650170308587673,-0.09986500794210369,-0.9950009950692128,31.1787301355538,-0.7106229716099507,-0.7035730183998269,72.46481665606991,-0.6212469844477589,0.7836148188456915,80.35900010810435,-0.9995363873697094,0.030446844235654844,81.99220103928265,-0.269794915513991,0.9629178072726656,107.46119168658741,-0.9868449073247252,0.16166981439729095,107.35375330926364,-0.8483668084553044,0.5294088763057914,56.544526511509204,-0.8824353569441117,-0.4704336731303555
36.0,96.52686706993444,78.31777378857988,-0.9135454576427627,-0.4067366430754368,4.999999999999968,-0.6293203910498374,0.7771459614569709,0.4183580165822319,0.7535168317852957,0.6574286153007415,71.94137255303633,-0.19982097713815855,0.9798324229660659,8.015925475280161,-0.32047850794958843,-0.9472557869669658,32.0648980735494,-0.9675312578020382,-0.25275139005751457,67.46510405045056,0.011111862549833939,0.9999382613495064,77.18855823130524,-0.7887435203508508,0.6147224244360596,77.42698644961987,0.4196810541013595,0.9076716437282657,103.78108511354314,-0.6887679090759636,0.7249819083447014,102.64009529902674,-0.3411146006490836,0.9400217174214733,55.81215366007425,-0.9947183118771912,0.10264248640885043
37.0,93.3129290215033,74.48755157298373,-0.766044443119234,-0.6427876096862342,4.999999999999966,-0.2756373558169986,0.961261695938319,4.837363209548318,0.07831526808074708,-0.996928642775119,66.9577407882378,0.08380353209644094,0.9964822968864829,12.456483970229364,-0.3662643932782477,-0.9305108243414029,32.33495756747546,-0.9913688780343997,-0.13110205057441185,62.69075251470914,0.30810568259191845,0.9513521368844283,73.20618706762656,-0.6207760219647782,0.7839879658219157,73.71531325586687,0.6865218246209512,0.7271091969705237,99.37422928258546,-0.48275326212814906,0.8757564090000316,97.65254713709636,-0.07230897959321587,0.9973822795047984,54.14704147307474,-0.95642675615308,0.2919723619017676
38.0,89.65616051340884,71.0775597726698,-0.6819983600627905,-0.7313537016188981,4.9999999999999645,-0.12186934340514666,0.9925461516413221,9.835007321680145,-0.021525154003093776,-0.9997683070317558,62.07196499680478,0.2207254200439097,0.9753359877224052,17.0190725606657,-0.3490750670456456,-0.9370947644539894,32.765210395972176,-0.9868258621430334,-0.16178602475386702,58.19540968784817,0.4543281091245877,0.8908344230322921,68.98632478223203,-0.5524499102789786,0.8335460974851652,70.63020889048357,0.8036510018504129,0.595100888274272,94.75222164074913,-0.39059400216577417,0.9205630480701055,92.65908048302317,0.0524630227346283,0.9986228673756404,52.315129851767345,-0.9457106546695931,0.3250097808442224
39.0,85.88261261229631,67.79726462771578,-0.6560590289908093,-0.7547095802225094,4.999999999999963,-0.03489949670250002,0.9993908270190958,14.829729418869261,-0.03740650619045066,-0.9993001317395209,57.25092974426792,0.2760717702976715,0.9611370233451159,21.724713090553273,-0.2989180510332045,-0.95427878461512,33.7676176693274,-0.9624268191759378,-0.27154118975007624,53.877863151129006,0.5240181891345499,0.8517070725643571,64.77754059525647,-0.557005352810604,0.8305089023847574,67.9218015164525,0.8567846858236816,0.5156743178964949,90.10185757433302,-0.3767178918504855,0.9263280358273337,87.67924858297367,0.09223979725883825,0.9957368225598813,50.741310411370065,-0.9627548604106766,0.2703758102264671
40.0,82.05239039670275,64.58332657928156,-0.6427876096868467,-0.7660444431187201,4.999999999999961,-0.017452406437282537,0.9998476951563913,19.824101397506418,-0.04102466943286155,-0.99915813387968,52.490487695175354,0.3193587055231538,0.9476339046312007,26.51626988394016,-0.2585104640974417,-0.9660084574951325,35.37314228704056,-0.9231279822408585,-0.38449281970398536,49.738715213416114,0.583640709396374,0.8120120210534431,60.63770594791632,-0.579458452592676,0.8150017801937008,65.56161602847642,0.8968170617773248,0.44240157968195143,85.45706069841702,-0.3800875713641662,0.9249505057539511,82.71118730142838,0.11618712012058915,0.9932273421116052,49.53769772343221,-0.9811632693910262,0.19318032715034064
41.0,78.1666605894192,61.43672462403084,-0.6293203910501501,-0.7771459614567177,4.999999999999959,-0.017452406437282537,0.9998476951563913,24.817272487295618,-0.046694911724361125,-0.9989091976846816,47.8104067931528,0.36872421232080665,0.9295388400967443,31.35325580460669,-0.23285401780648407,-0.9725116998737741,37.50395679149419,-0.8768762606732854,-0.480716156861444,45.827756994116115,0.6487333227584597,0.7610158184576508,56.583354539866484,-0.605640738199343,0.795738208353322,63.58919325591141,0.9324543557723206,0.3612877999617847,80.8203275792512,-0.3847635905710124,0.9230151566311912,77.75881087925465,0.14200633660796377,0.9898657486564457,48.73210766357678,-0.9938037696733023,0.11114885236984667
42.0,74.28093078213564,58.29012266878011,-0.6293203910501508,-0.7771459614567171,4.999999999999957,9.992007221626409e-16,1.0,29.812732702634683,-0.038870651663919814,-0.9992442506410644,43.20206820253107,0.40805580193287483,0.9129569883126578,36.23452401426371,-0.2014855109602975,-0.9794914950488687,40.14765690270492,-0.8191344633505169,-0.5736015437143285,42.147678834571714,0.7053767583749848,0.7088325816047103,52.6917511508442,-0.6503709568356391,0.7596167576513142,61.95841752022012,0.9569970087143017,0.29009778577555306,76.22953152697457,-0.4079353343462998,0.9130108230419685,72.81294413701052,0.15165220968371246,0.9884339165053208,48.43194337346722,-0.9999630187608707,0.008600064572228843
43.0,70.3952009748521,55.14352071352937,-0.6293203910501525,-0.7771459614567158,4.999999999999956,1.9984014443252818e-15,1.0,34.80949653024022,-0.03329092528031473,-0.999445703524699,38.69111521041416,0.4556305624604347,0.8901689674168539,41.14431688011605,-0.17744204155070775,-0.9841312523694778,43.2102063699811,-0.7610778136580377,-0.6486605904149729,38.76429221813097,0.7669427549990109,0.6417155215159808,49.0016863760907,-0.6993470459425024,0.7147822810699042,60.696832736825634,0.9768882091198124,0.21375085235546004,71.693497638395,-0.4337453249576807,0.9010355115517679,67.87501011744408,0.1626849683388306,0.9866780635428122,48.64656165164228,-0.9955513947110148,-0.09422006415277574
44.0,66.50947116756856,51.996918758278625,-0.6293203910501549,-0.7771459614567138,4.999999999999954,2.9976021664879227e-15,1.0,39.80707306721844,-0.029111418115988406,-0.9995761728529128,34.31597434832552,0.5137215224198523,0.8579569904153875,46.07351617277058,-0.15845831166954924,-0.9873656685660263,46.60911406898227,-0.7055772255852236,-0.708633035311972,35.7619053072273,0.8313313514465274,0.555777099296193,45.56215420784025,-0.7521414474169692,0.6590017018775495,59.827798780787965,0.991078084767561,0.13328251908432426,67.22331240299818,-0.4625883241827818,0.8865732019014366,62.94687572061743,0.17542163523673082,0.9844933975862262,49.3692493575032,-0.9809780973067871,-0.19411844993291
45.0,62.623741360285045,48.850316803027866,-0.629320391050158,-0.7771459614567113,4.999999999999952,3.9968028886505635e-15,1.0,44.80519036527942,-0.025863975548050245,-0.9996654714297428,30.135855632855794,0.58497939465579,0.8110481538282086,51.0164970721599,-0.14310530915304243,-0.9897074671296626,50.276208031776285,-0.6541131616567485,-0.7563967026285958,33.243907580691136,0.8942989928966062,0.44746989988614416,42.434119814334295,-0.8075856118439876,0.589750353575623,59.36855657354925,0.9987445148353139,0.05009385278029123,62.833031577631424,-0.49491037834292906,0.8689440243240406,58.03103762238424,0.19028168932299794,0.9817295343975275,50.57823250885334,-0.957529551704094,-0.2883351480714009
46.0,58.73801155300154,45.703714847777086,-0.6293203910501618,-0.7771459614567082,4.99999999999995,4.9960036108132044e-15,1.0,49.80368561822496,-0.023268164467110476,-0.9997292596109866,26.244113510913568,0.671726045469633,0.74079964891847,55.96960831116157,-0.13044099835089518,-0.991456073635752,54.15703715874322,-0.6072401873718121,-0.7945183162398753,31.32731892875565,0.9490117279736445,0.31524076539762,39.69129819967523,-0.863392888812107,0.5045321789030752,59.328623044016254,0.9994167602294044,-0.03414878288550164,58.540635323168196,-0.5311988716701224,0.8472471650801724,53.13090900854504,0.20783088559952054,0.9781647729247456,52.2397590472614,-0.9270745727669394,-0.37487696185414865
47.0,54.85228174571806,42.557112892526284,-0.6293203910501664,-0.7771459614567046,4.9999999999999485,5.995204332975845e-15,1.0,54.80245540711699,-0.021145774207086614,-0.9997764031188088,22.7889708680121,0.7735695783562957,0.6337113755028095,60.93037941368816,-0.11982087844632752,-0.9927955263236989,58.208867482304974,-0.5649711257786344,-0.8251106756286835,30.127137787954695,0.9868177082937604,0.16183575191486876,37.418495174629975,-0.9158354565940762,0.4015537528714181,59.70883950447564,0.9930526321329319,-0.11767102367981609,54.36931221603516,-0.5719535186863735,0.8202860308832989,48.25127621750547,0.22884874220066823,0.9734619937075982,54.31231211164032,-0.8916974884191676,-0.45263184725221056
48.0,50.9665519384346,39.41051093727546,-0.6293203910501718,-0.7771459614567001,4.999999999999947,6.994405055138486e-15,1.0,59.80143088705405,-0.019378137459973337,-0.9998122262648034,19.998022214021315,0.8815299031512085,0.47212819217901075,65.89708048530784,-0.11078990953238767,-0.9938438488745631,62.39839607979991,-0.5270380563904117,-0.8498416835600718,29.730253132538927,0.999991252574339,-0.0041826755557331915,35.705579528864575,-0.9597711356461024,0.2807834880839523,60.5012852561289,0.9800456301135482,-0.19877264121437416,50.34916322690232,-0.6176213751632756,0.786475579367487,43.39905322886346,0.2544351328062831,0.967089842358945,56.750877248801494,-0.8533815625063348,-0.5212867816991398
49.0,47.080822131151166,36.2639089820246,-0.629320391050178,-0.7771459614566951,4.999999999999945,7.993605777301127e-15,1.0,64.8005644545567,-0.01788318292882523,-0.9998400830974592,18.179785249608233,0.9696954250832936,0.24431697151964377,70.8684647602746,-0.10301805761012643,-0.9946794859683378,66.6996807570369,-0.49305077653324203,-0.8700005354940691,30.16838529579053,0.9854684888789216,-0.16985834517825382,34.63571910398774,-0.9894174424510542,0.14509694887768915,61.69007635200109,0.9611597802731379,-0.2759925303070599,46.51939772238885,-0.6684677995208382,0.7437410846549816,38.584582227950015,0.286182802413594,0.9581750380816136,59.51047714566606,-0.813808838763683,-0.5811326646731413
50.0,43.19509232386776,33.117307026773716,-0.629320391050185,-0.7771459614566895,4.999999999999943,8.992806499463768e-15,1.0,69.79982214246118,-0.01660233955419239,-0.9998621716623384,17.637695171740944,0.9994987674912708,-0.031657760240273884,75.84361132270422,-0.09626033700255836,-0.9953561912803647,71.09243977280349,-0.4625854661462414,-0.8865746931366045,31.406607447887392,0.9466158711567442,-0.3223637580035297,34.26919412838024,-0.999999722343645,0.0007451930173031383,63.25286968184101,0.9374123344880443,-0.34822135941046883,42.93099685842787,-0.7243418906173292,0.6894409514214492,33.823987793415895,0.32646191630017146,0.9452103560613477,62.548634770881705,-0.774279925974221,-0.6328432635600657
51.0,39.30936251658439,29.97070507152279,-0.6293203910501926,-0.7771459614566834,4.999999999999941,9.992007221626409e-15,1.0,74.79917906373883,-0.015492688055349237,-0.9998799811061424,18.484371512730192,0.953716742460019,-0.3007064601092728,80.82182539055012,-0.09033118900909481,-0.9959117813803606,75.56072109640527,-0.43523048635039835,-0.9003190677483154,33.35593667424312,0.8912954044644443,-0.4534230937883099,34.628345247309795,-0.9896281317682373,-0.14365291787119563,65.16276180196931,0.9099371879251883,-0.4147460838040555,39.649547513974134,-0.7842893899245831,0.6203951586301469,29.1436839605575,0.3788897754620246,0.9254418069497058,65.8267919110256,-0.7357209867624545,-0.6772847478256693
52.0,35.42363270930106,26.82410311627182,-0.6293203910502012,-0.7771459614566764,4.99999999999994,1.099120794378905e-14,1.0,79.79861656757791,-0.014522060630568802,-0.9998945493175978,20.548861026100838,0.8578993533096546,-0.513817768854753,85.80257304097421,-0.08508756004236064,-0.9963734777311356,80.09188568368083,-0.4106075055050836,-0.9118121936138454,35.900724664643384,0.8281167956099641,-0.5605555929867126,35.69127236349466,-0.9601558684798098,-0.27946503935873995,67.39024802100386,0.8798605432204771,-0.47523196913062027,36.75734953539827,-0.8460000468905925,0.533182821048386,24.58956037298274,0.44906227295075907,0.8935004616743619,69.31090357868509,-0.6987378579649556,-0.7153778063698548
53.0,31.537902902017763,23.677501161020807,-0.6293203910502105,-0.7771459614566688,4.999999999999938,1.199040866595169e-14,1.0,84.7981204012764,-0.01366587304701001,-0.9999066175967949,23.5125368414252,0.7497640388374801,-0.661705286412395,90.78543727626615,-0.08041743042108514,-0.9967612737684335,84.6758391285664,-0.3883791377826343,-0.9214996719127021,38.924356789508366,0.7637889363241503,-0.6454660802465324,37.39801533883095,-0.9163369848062042,-0.40040795481143276,69.90497500896934,0.8482088753184683,-0.5296618768903224,34.35285827514207,-0.9052149076347118,0.42495408104391724,20.246941593244816,0.5453783634973989,0.8381899788406558,72.9714750878047,-0.6636860806487829,-0.7480112207400751
54.0,27.652173094734508,20.530899205769746,-0.6293203910502205,-0.7771459614566607,4.999999999999936,1.2989609388114332e-14,1.0,89.7976794860503,-0.012905014413071464,-0.9999167268342891,27.081785169533134,0.6509487640930913,-0.7591216678014644,95.77008772280621,-0.07623185651183449,-0.9970901183206857,89.30445292305372,-0.36824960363519693,-0.9297269649862374,42.324331908576575,0.7024326605693257,-0.7117502071411701,39.66555406951623,-0.863953256602985,-0.5035720111415016,72.67713212336348,0.8158552559679605,-0.5782561727378738,32.544354325697604,-0.955518094453843,0.2949324857849621,16.285908277525344,0.6780244419765908,0.7350393568254238,76.78327290553868,-0.6307383166613002,-0.7759956030128452
55.0,23.7664432874513,17.38429725051863,-0.6293203910502312,-0.777145961456652,4.999999999999934,1.3988810110276972e-14,1.0,94.7972850801618,-0.012224404391398479,-0.9999252791770371,31.04845869311565,0.5677851760625823,-0.8231767694994693,100.75625927665804,-0.07245933540826477,-0.9973713675016908,93.97112796835516,-0.34996205858937857,-0.9367638750228813,46.01730752160273,0.6460611163615859,-0.7632856830346167,42.404018771809824,-0.8081588869614925,-0.5889645264573763,75.67843508126359,0.783499555294115,-0.6213923453454541,31.43487116692403,-0.9892427828125333,0.14628300192884694,13.058444507967522,0.845601776322865,0.5338142334929028,80.72487732838474,-0.5999408596580761,-0.8000443518410268
56.0,19.88071348016814,14.237695295267459,-0.629320391050243,-0.7771459614566425,4.9999999999999325,1.4988010832439613e-14,1.0,99.79693019356614,-0.011611983913507826,-0.9999325786419765,35.27875403791166,0.49970173455100897,-0.866197538952122,105.74373676211881,-0.06904174004964161,-0.9976137720234809,98.6704640275095,-0.3332945650544566,-0.9428227473418112,49.938323075251034,0.5953342290761762,-0.8034781613026424,45.528512345104005,-0.7526972186914623,-0.6583668407310145,78.88273283185117,0.7516729974089287,-0.6595359770067715,31.09931272690241,-0.9999166124215116,-0.012913876392797945,11.216734708076267,0.9844437048154628,0.17570029040728954,84.77818493739471,-0.5712572442538919,-0.8207710770290637
57.0,15.99498367288503,11.091093340016226,-0.6293203910502554,-0.7771459614566325,4.999999999999931,1.5987211554602254e-14,1.0,104.79660917009461,-0.01105799469277332,-0.9999388585075463,39.68846413905209,0.44418082100075945,-0.8959371620013824,110.7323437185695,-0.0659313380376134,-0.9978241621972129,103.39800796515917,-0.31805573471831294,-0.9480720171024953,54.0377611638245,0.5501707033944429,-0.8350522122157776,48.96519237904186,-0.699868272711763,-0.7142719376060167,82.26630866699554,0.7207570291204073,-0.6931877847838379,31.562372833648617,-0.9852465654093431,-0.17114089326953127,11.450209694807137,0.9643704496484987,-0.2645555439690357,88.92792285258574,-0.5446000620127335,-0.8386958760216523
58.0,12.109253865601977,7.9444913847649286,-0.6293203910502685,-0.7771459614566218,4.999999999999929,1.6986412276764895e-14,1.0,109.79631738377932,-0.01055445551940707,-0.9999443001831096,44.223951485209625,0.3986268524973351,-0.9171132059173872,115.72193407646866,-0.0630885721334389,-0.9980079318653554,108.15006070697413,-0.3040805449094521,-0.9526463258773272,58.2779817051768,0.5101410893013493,-0.8600907330081128,52.65296471306127,-0.6508500480471082,-0.7592063059255217,85.80795734875379,0.6910084106831176,-0.7228467170605342,32.790234913687485,-0.9483530542667992,-0.31721677834382195,13.652818998241523,0.8087885639861662,-0.588099531342438,93.16120589854873,-0.5198532139324207,-0.8542556034139506
59.0,8.169200097570187,4.866184008134426,-0.6156614753261095,-0.7880107536063694,4.999999999999927,-0.017452406437265554,0.9998476951563916,114.79444179579025,-0.02678498215311348,-0.9996412180032681,48.88104408874818,0.3461122564919755,-0.9381931069380296,120.70637951256772,-0.07717257928202541,-0.9970177495947399,112.89741731777927,-0.30717638390097163,-0.9516525989947817,62.67119696533338,0.4603498238563285,-0.8877375961822543,56.48927014051971,-0.6189071966422848,-0.7854641188140857,89.54618535615465,0.6499717019459504,-0.7599584111446392,34.6232965570262,-0.9032506875861794,-0.42911326637042363,17.13495081805593,0.6361519826659824,-0.7715637724453758,97.42315776832778,-0.5112921873072885,-0.8594069462126359
60.0,4.623151706341584,2.095707369166975,-0.6156614753261102,-0.7880107536063689,4.499999999999927,9.992007221626409e-16,1.0,119.2928881692358,-0.025774940333532222,-0.9996677710373596,53.12574892481153,0.3184581641039038,-0.9479369165274507,125.19344104545634,-0.07440663476449648,-0.9972279843160353,117.18800673497762,-0.29592977446798224,-0.9552096987485675,66.69819434409322,0.43255555517765726,-0.901607282404567,60.088437274978055,-0.5818359972159972,-0.8133061369150402,93.01199762699828,0.625752461871792,-0.7800217025579426,36.77959362715493,-0.8502953224187986,-0.526305866082368,20.8048769566609,0.523936428871813,-0.8517573706760931,101.31661717667595,-0.49164392592075623,-0.8707963310127265
61.0,1.4711086919161702,-0.36693853213742633,-0.6156614753261116,-0.7880107536063679,3.999999999999927,1.9984014443252818e-15,1.0,123.2916023607925,-0.0249389821845186,-0.9996889752155919,56.931749207398184,0.29716860459720423,-0.9548250208502868,129.18269583697705,-0.07210890423385306,-0.9973967645476864,121.01463501328774,-0.2865721191459709,-0.9580586728004645,70.32591094833664,0.4102424567959189,-0.9119764945666355,63.38440385848838,-0.5515807311384159,-0.8341215121532417,96.1646645943474,0.605237763207763,-0.7960447537590232,39.03328111244853,-0.8012013218038259,-0.5983948879626247,24.302439456411726,0.4485324592759988,-0.8937665427704399,104.81825234275591,-0.47521970951077064,-0.879867164799607
